company,website,company_type,product_category,primary_contact,email,linkedin,geographic_coverage,affiliate_program,installer_network,existing_advertising,content_quality,partnership_opportunity,last_contact,status,next_action,notes,source_url,verified_date
"Sun Home Saunas","https://sunhomesaunas.com","manufacturer","saunas","","","","United States","Existing protected relationship","","Existing paid collaboration","","Existing agreement","","protected","Do not change or contact without owner approval","Protected agreement through May 15 2027","","2026-08-05"
"Redwood Outdoors","https://www.redwoodoutdoors.com","manufacturer","outdoor saunas","","","","United States","Not visible in authenticated Impact account","","","","Affiliate reactivation or product-data collaboration","","audit_required","Request written current terms only after owner review","Site coupon language removed pending verification","https://www.redwoodoutdoors.com","2026-08-05"
"Finnish Sauna Builders","https://finnishsaunabuilders.com","retailer and builder","traditional sauna kits","","","","United States","No referral parameter found","Likely project installation; verify","","","Dealer-lead or installation case-study pilot","","priority","Verify coverage, project minimums, and partner terms","Currently tracked as dealer outbound, not affiliate","https://finnishsaunabuilders.com","2026-08-05"
"Select Saunas","https://selectsaunas.com","retailer","saunas and heaters","","sales@selectsaunas.com","","United States","5% via UpPromote","Installation services offered","","","Affiliate and product-data collaboration","","priority","Obtain affiliate dashboard access and attribution window","Existing referral code is present on site","https://selectsaunas.com/pages/affiliate-program","2026-08-05"
"Harvia North America","https://www.harvia.com/en-US/","manufacturer","heaters, saunas, controls, cold plunge","Patrick Weidl","patrick.weidl@harvia.com","","North America","Not verified","Official dealer network","","Strong manuals and product data","Product-data collaboration and documented installer guidance","","priority","Owner-review a product-data collaboration draft","North America sales contact listed publicly","https://www.harvia.com/en-US/contact/","2026-08-05"
"HUUM","https://huumsauna.com","manufacturer","heaters and controls","Keit Kiissel","sales@huum.eu","","North America","Not verified","Dealer network","","Strong manuals and product data","Product-data collaboration and heater-sizing content","","priority","Owner-review a North America product-data draft","Official site identifies a North America export manager","https://huumsauna.com/contacts/","2026-08-05"
"Finnleo","https://www.finnleo.com","manufacturer","indoor, outdoor, and custom saunas","","","","North America","Not verified","Authorized dealer and installer network","","Strong planning and dealer resources","Dealer-matching pilot and installation case studies","","priority","Use official contact form to verify partnership path after owner approval","Dealer network handles design, delivery, installation, and service","https://www.finnleo.com/contact-us","2026-08-05"
"SaunaLife","https://saunalife.com","manufacturer","outdoor and indoor saunas","","SalesSupport@bathingbrands.com","","North America","Not verified","Large authorized dealer network","","Strong technical document library","Product-data collaboration and dealer-matching pilot","","priority","Owner-review manufacturer and dealer-network outreach","Official dealer list provides verified prospect source","https://saunalife.com/find-a-dealer/","2026-08-05"
"Bathing Brands","https://www.bathingbrands.com","distributor","sauna, steam, heaters, immersion","","","","North America","Reseller program","Large reseller network","","Strong technical and logistics resources","Product feed, reseller relationship, and installer/dealer routing","","priority","Evaluate reseller requirements and conflicts before contact","Official site invites ecommerce resellers","https://www.bathingbrands.com/become-a-partner","2026-08-05"
"Saunum","https://saunum.com","manufacturer","air-circulating heaters and climate devices","Lele Saarts-Gansen","marketing@saunum.com","","North America via Bathing Brands","Not verified","North America distributor","","Strong manuals and differentiated products","Product-data and educational collaboration","","research","Owner-review a fact-check and product-data request","North America support routes through Bathing Brands","https://saunum.com/en/contact-us/","2026-08-05"
"Almost Heaven Saunas","https://almostheaven.com","manufacturer","barrel, indoor, and outdoor saunas","","sales@almostheaven.com","","United States","Not verified","Consultation and retail network","","Strong manuals and configurator","Product-data and installation case-study collaboration","","priority","Verify current partnership route before drafting","Do not confuse with Almost Heaven Group at almostheaven.net","https://almostheaven.com/pages/download-our-manuals-guides","2026-08-05"
"Ice Barrel","https://icebarrel.com","manufacturer","cold plunge","","","","United States","ShareASale affiliate program","Dealer applications currently closed","","","Affiliate and recovery-newsletter fit","","priority","Owner-review affiliate application","Official program currently accepts affiliates","https://icebarrel.com/pages/work-with-us","2026-08-05"
"Sunlighten","https://www.sunlighten.com","manufacturer","infrared saunas and recovery products","","","","United States","Referral or partner program via Ambassador","Dealer and commercial teams","","","Infrared buyer-guide and newsletter partnership","","research","Locate current public application after owner review","Program existence confirmed in current official privacy notice","https://shop-us.sunlighten.com/pages/privacy-policy","2026-08-05"
"Almost Heaven Group","https://www.almostheaven.net","manufacturer and dealer","custom saunas and kits","","Sales@AlmostHeaven.net","","United States","Not verified","Listed SaunaLife dealer","","","Custom-project lead pilot and case study","","research","Verify service regions and project minimums","Distinct company from almostheaven.com","https://saunalife.com/find-a-dealer/","2026-08-05"
"Amplify Your Home","https://www.amplifyourhome.com","authorized dealer","SaunaLife and home wellness","","Info@AmplifyourHome.com","","United States; verify service area","Not verified","Listed SaunaLife dealer","","","Dealer-lead pilot and installation case study","","research","Verify coverage, budget minimum, and installation capability","Public contact listed by SaunaLife","https://saunalife.com/find-a-dealer/","2026-08-05"
"Avid Health and Wellness","https://www.avidhealthandwellness.com","authorized dealer","saunas and wellness","","Sales@AvidHealthAndWellness.com","","United States; verify service area","Not verified","Listed SaunaLife dealer","","","Dealer-lead pilot and product comparison data","","research","Verify coverage and project criteria","Public contact listed by SaunaLife","https://saunalife.com/find-a-dealer/","2026-08-05"
"Bio Wellness Collection","https://www.biowellnesscollection.com","authorized dealer","saunas and wellness","","Support@BioWellnessCollection.com","","United States; verify service area","Not verified","Listed SaunaLife dealer","","","Dealer-lead pilot","","research","Verify coverage and response standards","Public contact listed by SaunaLife","https://saunalife.com/find-a-dealer/","2026-08-05"
"Chill Fire Saunas","https://www.chillfiresaunas.com","authorized dealer","saunas","","ChillFireSaunas@gmail.com","","United States; verify service area","Not verified","Listed SaunaLife dealer","","","Dealer-lead pilot and installation case study","","research","Verify geographic coverage and install scope","Public contact listed by SaunaLife","https://saunalife.com/find-a-dealer/","2026-08-05"
"Cottage Spas","https://www.cottagespas.com","authorized dealer","saunas and spas","","Info@CottageSpas.com","","United States; verify service area","Not verified","Listed SaunaLife dealer","","","Regional dealer-lead pilot","","research","Verify coverage and sauna project minimums","Public contact listed by SaunaLife","https://saunalife.com/find-a-dealer/","2026-08-05"
"Delux Saunas","https://www.deluxsaunas.com","authorized dealer","saunas","","Info@DeluxSaunas.com","","United States; verify service area","Not verified","Listed SaunaLife dealer","","","Dealer-lead pilot and product-data collaboration","","research","Verify coverage and partner terms","Public contact listed by SaunaLife","https://saunalife.com/find-a-dealer/","2026-08-05"
"Direct Home Connection","https://www.directhomeconnection.com","authorized dealer","saunas and home wellness","","Support@DirectHomeConnection.com","","United States; verify service area","Not verified","Listed SaunaLife dealer","","","Dealer-lead pilot and referral partnership","","research","Verify coverage, install scope, and attribution","Public contact listed by SaunaLife","https://saunalife.com/find-a-dealer/","2026-08-05"
"Divine Saunas","https://www.divinesaunas.com","authorized dealer","saunas","","Info@DivineSaunas.com","","United States; verify service area","Not verified","Listed SaunaLife dealer","","","Dealer-lead pilot and buyer-guide data","","research","Verify coverage and response SLA","Public contact listed by SaunaLife","https://saunalife.com/find-a-dealer/","2026-08-05"
"Dreamwood Living","https://www.dreamwoodliving.com","authorized dealer","saunas and outdoor living","","CS@DreamWoodLiving.com","","United States; verify service area","Not verified","Listed SaunaLife dealer","","","Outdoor-project lead pilot and case study","","research","Verify coverage and installation capability","Public contact listed by SaunaLife","https://saunalife.com/find-a-dealer/","2026-08-05"
"Elite Sauna Co.","https://www.elitesaunaco.com","authorized dealer","saunas","","Info@EliteSaunaCo.com","","United States; verify service area","Not verified","Listed SaunaLife dealer","","","Regional dealer-lead pilot and installation case study","","priority","Verify geographic coverage and project minimums","Public contact listed by SaunaLife","https://saunalife.com/find-a-dealer/","2026-08-05"
"Finn Country Sauna","https://www.finncountrysauna.com","authorized dealer","traditional saunas","","Sales@FinnCountrySauna.com","","United States; verify service area","Not verified","Listed SaunaLife dealer","","","Traditional-sauna lead pilot and documented case study","","priority","Verify coverage and installer network","Public contact listed by SaunaLife","https://saunalife.com/find-a-dealer/","2026-08-05"
"Haven of Heat","https://www.havenofheat.com","authorized dealer","saunas and wellness","","Info@HavenOfHeat.com","","United States; verify service area","Not verified","Listed SaunaLife dealer","","","Dealer-lead pilot and affiliate inquiry","","research","Verify coverage and current partnership terms","Public contact listed by SaunaLife","https://saunalife.com/find-a-dealer/","2026-08-05"
"Heavenly Sauna","https://www.heavenly-sauna.com","authorized dealer","saunas","","Sales@Heavenly-Sauna.com","","United States; verify service area","Not verified","Listed SaunaLife dealer","","","Regional dealer-lead pilot","","research","Verify coverage and install scope","Public contact listed by SaunaLife","https://saunalife.com/find-a-dealer/","2026-08-05"
"Homage Row","https://www.homagerow.com","authorized dealer","saunas and outdoor living","","Support@HomageRow.com","","United States; verify service area","Not verified","Listed SaunaLife dealer","","","Dealer-lead pilot and outdoor project content","","research","Verify coverage and project criteria","Public contact listed by SaunaLife","https://saunalife.com/find-a-dealer/","2026-08-05"
