"path","views","active_users","views_per_user","avg_engagement","event_count","key_events","revenue"
"/","47","32","1.47","4s","164","0","$0.00 (–)"
"/guides/sauna-foundation-guide/","28","22","1.27","1m 02s","98","0","$0.00 (–)"
"/guides/best-portable-sauna/","13","11","1.18","25s","47","0","$0.00 (–)"
"/best-saunas/","10","8","1.25","57s","25","0","$0.00 (–)"
"/brands/finnleo-sauna-review/","10","10","1","31s","37","0","$0.00 (–)"
"/guides/best-sauna-for-deck/","10","4","2.5","7s","24","0","$0.00 (–)"
"/guides/sauna-wood/","10","10","1","32s","42","0","$0.00 (–)"
"/brands/dundalk-leisurecraft-review/","8","6","1.33","58s","31","0","$0.00 (–)"
"/guides/outdoor-sauna-permits/","8","8","1","21s","27","0","$0.00 (–)"
"/brands/redwood-outdoors-sauna-review/","7","6","1.17","40s","25","0","$0.00 (–)"
"/guides/best-1-person-sauna/","7","4","1.75","52s","24","0","$0.00 (–)"
"/guides/sauna-for-hangover/","7","5","1.4","47s","21","0","$0.00 (–)"
"/brands/harvia-sauna-heater-review/","6","6","1","8s","20","0","$0.00 (–)"
"/guides/best-4-person-outdoor-sauna/","6","5","1.2","51s","22","0","$0.00 (–)"
"/guides/best-saunas-under-3000/","6","6","1","43s","36","0","$0.00 (–)"
"/guides/how-to-build-a-sauna/","6","5","1.2","2m 05s","18","0","$0.00 (–)"
"/guides/outdoor-sauna-cost/","6","5","1.2","32s","22","0","$0.00 (–)"
"/brands/dynamic-saunas-review/","5","5","1","20s","18","0","$0.00 (–)"
"/guides/","5","4","1.25","21s","15","0","$0.00 (–)"
"/guides/best-2-person-outdoor-sauna/","5","5","1","9s","21","0","$0.00 (–)"
"/guides/best-indoor-sauna-kits/","5","5","1","9s","21","0","$0.00 (–)"
"/guides/best-sauna-heater/","5","5","1","0s","15","0","$0.00 (–)"
"/guides/sauna-before-or-after-workout/","5","4","1.25","0s","15","0","$0.00 (–)"
"/guides/sauna-door-guide/","5","4","1.25","18s","17","0","$0.00 (–)"
"/guides/sauna-electrical-requirements/","5","4","1.25","43s","19","0","$0.00 (–)"
"/guides/sauna-tent/","5","3","1.67","31s","14","0","$0.00 (–)"
"/guides/barrel-sauna-costco/","4","4","1","16s","14","0","$0.00 (–)"
"/guides/best-sauna-lighting/","4","4","1","0s","12","0","$0.00 (–)"
"/guides/best-sauna-stones/","4","4","1","36s","16","0","$0.00 (–)"
"/guides/contacts-in-sauna/","4","4","1","16s","13","0","$0.00 (–)"
"/guides/headphones-in-sauna/","4","4","1","9s","14","0","$0.00 (–)"
"/guides/outdoor-sauna-ideas/","4","4","1","4s","13","0","$0.00 (–)"
"/guides/sauna-heater-sizing-guide/","4","4","1","47s","11","0","$0.00 (–)"
"/guides/sauna-insulation/","4","4","1","0s","12","0","$0.00 (–)"
"/guides/sauna-vs-steam-room/","4","4","1","0s","12","0","$0.00 (–)"
"/guides/what-to-wear-in-sauna/","4","4","1","2s","14","0","$0.00 (–)"
"/brands/","3","2","1.5","8s","10","0","$0.00 (–)"
"/brands/almost-heaven-sauna-review/","3","4","0.75","4s","9","0","$0.00 (–)"
"/brands/huum-sauna-heater-review/","3","3","1","15s","9","0","$0.00 (–)"
"/brands/sun-home-saunas-review/","3","3","1","40s","12","0","$0.00 (–)"
"/guides/best-barrel-sauna-kits/","3","3","1","2s","9","0","$0.00 (–)"
"/guides/best-infrared-sauna-blanket/","3","3","1","0s","10","0","$0.00 (–)"
"/guides/best-sauna-backrest/","3","3","1","15s","13","0","$0.00 (–)"
"/guides/cedar-vs-hemlock-sauna/","3","3","1","1m 02s","7","0","$0.00 (–)"
"/guides/gravel-pad-for-barrel-sauna/","3","2","1.5","1s","8","0","$0.00 (–)"
"/guides/gym-sauna-etiquette/","3","3","1","0s","9","0","$0.00 (–)"
"/guides/how-to-assemble-barrel-sauna/","3","3","1","14s","11","0","$0.00 (–)"
"/guides/infrared-vs-traditional-sauna/","3","3","1","1m 38s","10","0","$0.00 (–)"
"/guides/propane-sauna-heater/","3","3","1","3m 04s","13","0","$0.00 (–)"
"/guides/sauna-room-ideas/","3","3","1","39s","13","0","$0.00 (–)"
"/free-starter-kit","2","1","2","4s","9","0","$0.00 (–)"
"/guides/best-4-person-sauna/","2","2","1","48s","15","0","$0.00 (–)"
"/guides/best-cube-sauna/","2","2","1","0s","7","0","$0.00 (–)"
"/guides/best-electric-sauna-heaters/","2","2","1","0s","6","0","$0.00 (–)"
"/guides/best-garage-sauna/","2","2","1","35s","9","0","$0.00 (–)"
"/guides/best-home-sauna/","2","2","1","1s","5","0","$0.00 (–)"
"/guides/best-outdoor-sauna-cover/","2","2","1","24s","8","0","$0.00 (–)"
"/guides/best-outdoor-sauna-of-2026/","2","2","1","2s","7","0","$0.00 (–)"
"/guides/best-sauna-thermometer-hygrometer/","2","2","1","25s","8","0","$0.00 (–)"
"/guides/best-sauna-towels/","2","2","1","0s","6","0","$0.00 (–)"
"/guides/best-wood-burning-sauna-heaters/","2","2","1","6s","7","0","$0.00 (–)"
"/guides/electric-vs-wood-fired-sauna/","2","2","1","57s","6","0","$0.00 (–)"
"/guides/redwood-outdoors-vs-almost-heaven/","2","2","1","13s","7","0","$0.00 (–)"
"/guides/sauna-benefits-for-skin/","2","2","1","0s","6","0","$0.00 (–)"
"/guides/sauna-etiquette/","2","2","1","0s","6","0","$0.00 (–)"
"/guides/sauna-for-back-pain/","2","2","1","1m 51s","8","0","$0.00 (–)"
"/guides/sauna-for-weight-loss/","2","2","1","23s","7","0","$0.00 (–)"
"/guides/sauna-health-benefits/","2","2","1","2m 15s","6","0","$0.00 (–)"
"/guides/sauna-maintenance-guide/","2","2","1","30s","8","0","$0.00 (–)"
"/guides/sauna-ventilation/","2","2","1","7s","7","0","$0.00 (–)"
"/reviews/","2","2","1","2s","6","0","$0.00 (–)"
"/reviews/dynamic-saunas-barcelona-review/","2","2","1","2s","7","0","$0.00 (–)"
"/reviews/harvia-kip-60b-review/","2","2","1","32s","6","0","$0.00 (–)"
"/about/","1","1","1","0s","3","0","$0.00 (–)"
"/article-reduce-screen-time","1","1","1","9s","2","0","$0.00 (–)"
"/article-screen-transition-meltdowns","1","1","1","3s","3","0","$0.00 (–)"
"/calm-down-mini-journal","1","1","1","1s","2","0","$0.00 (–)"
"/guides/almost-heaven-barrel-sauna/","1","1","1","0s","3","0","$0.00 (–)"
"/guides/barrel-sauna-vs-cabin-sauna/","1","1","1","0s","3","0","$0.00 (–)"
"/guides/best-2-person-sauna/","1","1","1","0s","3","0","$0.00 (–)"
"/guides/best-barrel-saunas-cold-climates/","1","1","1","2s","5","0","$0.00 (–)"
"/guides/best-location-backyard-sauna/","1","1","1","5s","4","0","$0.00 (–)"
"/guides/best-sauna-accessories/","1","1","1","0s","3","0","$0.00 (–)"
"/guides/best-sauna-bucket-ladle/","1","1","1","0s","3","0","$0.00 (–)"
"/guides/best-sauna-essential-oils/","1","1","1","0s","3","0","$0.00 (–)"
"/guides/best-sauna-for-small-backyard/","1","1","1","56s","5","0","$0.00 (–)"
"/guides/best-saunas-under-5000/","1","1","1","1m 51s","11","0","$0.00 (–)"
"/guides/calories-burned-in-sauna/","1","1","1","0s","3","0","$0.00 (–)"
"/guides/how-long-to-stay-in-sauna/","1","1","1","0s","3","0","$0.00 (–)"
"/guides/how-to-use-a-sauna/","1","1","1","0s","3","0","$0.00 (–)"
"/guides/mobile-sauna-for-sale/","1","1","1","0s","3","0","$0.00 (–)"
"/guides/outdoor-sauna-buying-checklist/","1","1","1","0s","3","0","$0.00 (–)"
"/guides/outdoor-sauna-for-sale/","1","1","1","26s","3","0","$0.00 (–)"
"/guides/outdoor-sauna-winter/","1","1","1","0s","3","0","$0.00 (–)"
"/guides/sauna-cold-plunge/","1","1","1","0s","3","0","$0.00 (–)"
"/guides/sauna-cost/","1","1","1","0s","3","0","$0.00 (–)"
"/guides/sauna-during-pregnancy/","1","1","1","0s","3","0","$0.00 (–)"
"/guides/sauna-for-couples/","1","1","1","0s","3","0","$0.00 (–)"
"/guides/sauna-gift-ideas/","1","1","1","0s","3","0","$0.00 (–)"
"/guides/sauna-kits/","1","1","1","0s","3","0","$0.00 (–)"
"/guides/sauna-privacy-screen/","1","1","1","0s","3","0","$0.00 (–)"
"/guides/sauna-vs-hot-tub/","1","1","1","0s","3","0","$0.00 (–)"
"/guides/wood-burning-sauna/","1","1","1","0s","3","0","$0.00 (–)"
"/screen-free-starter-bundle","1","1","1","3s","3","0","$0.00 (–)"
