"URL","Title","Content type","Topic cluster","Search intent","Buyer intent","Word count","Last updated","Organic clicks","Organic impressions","Backlinks","Affiliate clicks","Revenue","Internal links in","Internal links out","Content-quality notes","Existing monetization","Recommended action","Priority","Owner approval required"
"https://backyardsaunapro.com/about/","About Backyard Sauna Pro","trust or utility page","general sauna","informational","Low-medium","176","2026-08-05","","","","","","3","2","No direct monetization component","","Await analytics data","Medium","No"
"https://backyardsaunapro.com/affiliate-disclosure/","Affiliate Disclosure Backyard Sauna Pro","trust or utility page","general sauna","informational","Low-medium","102","2026-03-04","0","13","","","","0","0","No direct monetization component","","Await analytics data","Medium","No"
"https://backyardsaunapro.com/best-saunas/","Best Home Saunas of 2026: Top Picks for Every Budget","buying guide","general sauna","commercial investigation","High","478","2026-05-16","","","","","","16","12","No direct monetization component","","Validate products, methodology, CTA, and traffic","High","No"
"https://backyardsaunapro.com/brands/almost-heaven-sauna-review/","Almost Heaven Saunas Review (2025): Brand Overview and Best Models","brand review","general sauna","commercial investigation","High","932","2026-05-16","","","","","","26","9","","Amazon; Select Saunas","Validate products, methodology, CTA, and traffic","High","No"
"https://backyardsaunapro.com/brands/dundalk-leisurecraft-review/","Dundalk LeisureCraft Sauna Review (2025): Worth It?","brand review","general sauna","commercial investigation","High","672","2026-03-18","","","","","","17","4","","Select Saunas","Validate products, methodology, CTA, and traffic","High","No"
"https://backyardsaunapro.com/brands/dynamic-saunas-review/","Dynamic Saunas Review (2025): Barcelona, Andora, and Which to Buy","brand review","general sauna","commercial investigation","High","730","2026-05-16","","","","","","3","6","","Amazon","Validate products, methodology, CTA, and traffic","High","No"
"https://backyardsaunapro.com/brands/finnish-sauna-builders-review/","Finnish Sauna Builders Review (2025): Who It","brand review","planning and installation","commercial investigation","High","665","2026-03-18","","","","","","0","6","No direct monetization component","","Validate products, methodology, CTA, and traffic","High","No"
"https://backyardsaunapro.com/brands/finnleo-sauna-review/","Finnleo Sauna Review (2025): Quality, Pricing, and Who It","brand review","general sauna","commercial investigation","High","609","2026-05-16","","","","","","1","7","","Amazon","Validate products, methodology, CTA, and traffic","High","No"
"https://backyardsaunapro.com/brands/harvia-sauna-heater-review/","Harvia Sauna Heaters Review (2025): KIP, M3, Cilindro and More","brand review","heaters","commercial investigation","High","740","2026-05-16","0","6","","","","10","8","","Amazon","Validate products, methodology, CTA, and traffic","High","No"
"https://backyardsaunapro.com/brands/huum-sauna-heater-review/","HUUM Sauna Heater Review (2026): DROP vs HIVE","brand review","heaters","commercial investigation","High","546","2026-08-05","0","47","","","","7","5","","Amazon","Monitor revised page indexing and engagement","High","No"
"https://backyardsaunapro.com/brands/","Sauna Brand Reviews | Backyard Sauna Pro","brand hub","general sauna","informational","Low-medium","14","2026-05-15","","","","","","1","0","No direct monetization component","","Await analytics data","Medium","No"
"https://backyardsaunapro.com/brands/redwood-outdoors-sauna-review/","Redwood Outdoors Sauna Review (2026): Buyer Checklist","brand review","outdoor saunas","commercial investigation","High","741","2026-08-05","0","13","","","","3","7","No direct monetization component","","Monitor revised page indexing and engagement","High","No"
"https://backyardsaunapro.com/brands/sun-home-saunas-review/","Sun Home Saunas Review (2026): Equinox, Luminar, Eclipse Compared","brand review","general sauna","commercial investigation","High","883","2026-05-15","","","","","","0","13","","Sun Home","Protected: inspect only","Protected","Yes - Sun Home agreement"
"https://backyardsaunapro.com/contact/","Contact Backyard Sauna Pro","trust or utility page","general sauna","informational","Low-medium","71","2026-08-05","","","","","","3","0","No direct monetization component","","Await analytics data","Medium","No"
"https://backyardsaunapro.com/guides/almost-heaven-barrel-sauna/","Almost Heaven Barrel Sauna Review (2025): Models & Prices","informational guide","barrel saunas","informational","Low-medium","648","2026-05-16","","","","","","1","12","","Amazon","Await analytics data","Medium","No"
"https://backyardsaunapro.com/guides/barrel-sauna-costco/","Costco Barrel Sauna: Is It Worth It? (2025 Review)","planning guide","barrel saunas","informational","Medium-high","541","2026-05-16","","","","","","0","6","","Amazon","Await analytics data","Medium","No"
"https://backyardsaunapro.com/guides/barrel-sauna-vs-cabin-sauna/","Barrel Sauna vs Cabin Sauna: Which Should You Buy? (2025)","comparison","barrel saunas","commercial investigation","Medium-high","375","2026-03-18","","","","","","2","1","","Amazon","Validate products, methodology, CTA, and traffic","High","No"
"https://backyardsaunapro.com/guides/best-1-person-sauna/","Best 1-Person Sauna (2025): Indoor and Outdoor Picks","buying guide","general sauna","commercial investigation","High","726","2026-05-16","","","","","","6","4","","Amazon","Validate products, methodology, CTA, and traffic","High","No"
"https://backyardsaunapro.com/guides/best-2-person-outdoor-sauna/","Best 2-Person Outdoor Saunas of 2026: 4 Top Picks","buying guide","outdoor saunas","commercial investigation","High","143","2026-07-12","0","508","","","","10","1","","Amazon; Sun Home; Kit capture","Validate products, methodology, CTA, and traffic","High","No"
"https://backyardsaunapro.com/guides/best-2-person-sauna/","Best 2-Person Sauna (2025): Outdoor, Indoor, and Plug-In Options","buying guide","general sauna","commercial investigation","High","431","2026-05-16","","","","","","3","5","","Amazon","Validate products, methodology, CTA, and traffic","High","No"
"https://backyardsaunapro.com/guides/best-3-person-sauna/","Best 3-Person Saunas (2026): Top Picks for Groups & Families","buying guide","general sauna","commercial investigation","High","287","2026-05-16","","","","","","1","6","","Amazon; Sun Home","Validate products, methodology, CTA, and traffic","High","No"
"https://backyardsaunapro.com/guides/best-4-person-outdoor-sauna/","Best 4-Person Outdoor Saunas (2026): Top Picks Reviewed","buying guide","outdoor saunas","commercial investigation","High","316","2026-05-15","","","","","","3","5","","Amazon; Sun Home; Select Saunas","Validate products, methodology, CTA, and traffic","High","No"
"https://backyardsaunapro.com/guides/best-4-person-sauna/","Best 4-Person Sauna (2025): Top Picks for Families and Groups","buying guide","general sauna","commercial investigation","High","487","2026-05-16","","","","","","7","9","","Amazon","Validate products, methodology, CTA, and traffic","High","No"
"https://backyardsaunapro.com/guides/best-5-person-sauna/","Best 5-Person Sauna (2025): Top Picks for Families and Small Groups","buying guide","general sauna","commercial investigation","High","1131","2026-05-17","","","","","","1","9","","Amazon","Validate products, methodology, CTA, and traffic","High","No"
"https://backyardsaunapro.com/guides/best-6-person-sauna/","Best 6-Person Sauna (2025): Top Picks for Families and Large Groups","buying guide","general sauna","commercial investigation","High","1358","2026-05-17","","","","","","0","10","","Amazon","Validate products, methodology, CTA, and traffic","High","No"
"https://backyardsaunapro.com/guides/best-barrel-sauna-kits/","Best Barrel Sauna Kits (2025): Top Picks Before You Buy","buying guide","barrel saunas","commercial investigation","High","664","2026-05-16","","","","","","24","10","","Amazon; Select Saunas","Validate products, methodology, CTA, and traffic","High","No"
"https://backyardsaunapro.com/guides/best-barrel-saunas-cold-climates/","Best Barrel Saunas for Cold Climates: A Verification-First Shortlist","buying guide","barrel saunas","commercial investigation","High","335","2026-08-05","","","","","","3","2","Contains unsupported firsthand/testing language","Amazon","Correct unsupported firsthand/testing claim","Critical","No"
"https://backyardsaunapro.com/guides/best-cube-sauna/","Best Cube Sauna (2025): Top Picks + Buyer","buying guide","general sauna","commercial investigation","High","1649","2026-05-17","","","","","","0","8","","Amazon","Validate products, methodology, CTA, and traffic","High","No"
"https://backyardsaunapro.com/guides/best-electric-sauna-heaters/","Best Electric Sauna Heaters for Home Use (2025) Tested & Ranked","buying guide","heaters","commercial investigation","High","279","2026-08-05","","","","","","13","4","","Amazon","Validate products, methodology, CTA, and traffic","High","No"
"https://backyardsaunapro.com/guides/best-garage-sauna/","Best Garage Sauna (2025) Indoor Setup Guide and Top Picks","buying guide","general sauna","commercial investigation","High","350","2026-03-18","","","","","","0","4","","Amazon","Validate products, methodology, CTA, and traffic","High","No"
"https://backyardsaunapro.com/guides/best-home-sauna/","Best Home Saunas of 2026: 6 Picks for Every Space & Budget","buying guide","general sauna","commercial investigation","High","1046","2026-07-12","0","329","","","","10","10","","Amazon; Sun Home; Select Saunas; Kit capture","Validate products, methodology, CTA, and traffic","High","No"
"https://backyardsaunapro.com/guides/best-indoor-sauna-kits/","7 Best Indoor Sauna Kits (2026): Infrared & Traditional Picks","buying guide","general sauna","commercial investigation","High","953","2026-07-12","0","216","","","","12","5","","Amazon; Sun Home; Kit capture","Validate products, methodology, CTA, and traffic","High","No"
"https://backyardsaunapro.com/guides/best-infrared-sauna-blanket/","Best Infrared Sauna Blankets (2025): What to Buy and What to Skip","buying guide","infrared saunas","commercial investigation","High","854","2026-05-16","","","","","","1","4","","Amazon","Validate products, methodology, CTA, and traffic","High","No"
"https://backyardsaunapro.com/guides/best-infrared-sauna-of-2026/","Best Infrared Sauna of 2026: Top Picks Reviewed","buying guide","infrared saunas","commercial investigation","High","646","2026-05-15","","","","","","3","7","No direct monetization component","","Validate products, methodology, CTA, and traffic","High","No"
"https://backyardsaunapro.com/guides/best-location-backyard-sauna/","Best Location for a Backyard Sauna: A Site-Verification Guide","buying guide","outdoor saunas","commercial investigation","High","267","2026-08-05","0","0","","","","5","2","No direct monetization component","","Monitor revised page indexing and engagement","High","No"
"https://backyardsaunapro.com/guides/best-outdoor-sauna-cover/","Best Outdoor Sauna Cover (2025): Waterproof Picks for Barrel Saunas","buying guide","outdoor saunas","commercial investigation","High","769","2026-05-16","","","","","","2","4","","Amazon","Validate products, methodology, CTA, and traffic","High","No"
"https://backyardsaunapro.com/guides/best-outdoor-sauna-of-2026/","Best Outdoor Sauna of 2026: Top Backyard Picks Reviewed","buying guide","outdoor saunas","commercial investigation","High","577","2026-05-15","","","","","","4","8","No direct monetization component","","Validate products, methodology, CTA, and traffic","High","No"
"https://backyardsaunapro.com/guides/best-portable-sauna/","Best Portable Sauna for Home (2026): Steam vs Infrared","buying guide","general sauna","commercial investigation","High","522","2026-08-05","0","231","","","","7","2","","Amazon","Monitor revised page indexing and engagement","High","No"
"https://backyardsaunapro.com/guides/best-sauna-accessories/","Best Sauna Accessories for Beginners (2025) What You Actually Need","buying guide","accessories","commercial investigation","High","187","2026-03-18","","","","","","10","1","","Amazon","Validate products, methodology, CTA, and traffic","High","No"
"https://backyardsaunapro.com/guides/best-sauna-backrest/","Best Sauna Backrest (2026): What to Verify Before Buying","buying guide","accessories","commercial investigation","High","423","2026-08-05","0","57","","","","2","3","","Amazon","Monitor revised page indexing and engagement","High","No"
"https://backyardsaunapro.com/guides/best-sauna-bucket-ladle/","Best Sauna Bucket and Ladle Set (2025): Top Picks Reviewed","buying guide","accessories","commercial investigation","High","777","2026-05-16","","","","","","5","4","","Amazon","Validate products, methodology, CTA, and traffic","High","No"
"https://backyardsaunapro.com/guides/best-sauna-essential-oils/","Best Sauna Essential Oils and Essences (2025)","buying guide","accessories","commercial investigation","High","743","2026-05-16","","","","","","1","4","","Amazon","Validate products, methodology, CTA, and traffic","High","No"
"https://backyardsaunapro.com/guides/best-sauna-for-deck/","Best Sauna for a Deck (2025): Top Picks and Weight Considerations","buying guide","general sauna","commercial investigation","High","1764","2026-05-17","","","","","","0","7","","Amazon","Validate products, methodology, CTA, and traffic","High","No"
"https://backyardsaunapro.com/guides/best-sauna-for-small-backyard/","Best Sauna for a Small Backyard (2025) Compact Options That Work","buying guide","outdoor saunas","commercial investigation","High","498","2026-03-18","","","","","","3","5","","Amazon","Validate products, methodology, CTA, and traffic","High","No"
"https://backyardsaunapro.com/guides/best-sauna-heater/","Best Sauna Heater (2025): Top Electric and Wood-Burning Picks","buying guide","heaters","commercial investigation","High","517","2026-05-16","","","","","","1","8","","Amazon","Validate products, methodology, CTA, and traffic","High","No"
"https://backyardsaunapro.com/guides/best-sauna-lighting/","Best Sauna Lighting (2025): What Works and What to Avoid","buying guide","accessories","commercial investigation","High","467","2026-05-16","","","","","","0","4","","Amazon","Validate products, methodology, CTA, and traffic","High","No"
"https://backyardsaunapro.com/guides/best-sauna-stones/","Best Sauna Stones (2025): Olivine, Granite, and What Actually Works","buying guide","accessories","commercial investigation","High","860","2026-05-16","","","","","","7","4","","Amazon","Validate products, methodology, CTA, and traffic","High","No"
"https://backyardsaunapro.com/guides/best-sauna-thermometer-hygrometer/","Best Sauna Thermometer and Hygrometer (2026)","buying guide","accessories","commercial investigation","High","506","2026-08-05","0","19","","","","2","4","","Amazon","Monitor revised page indexing and engagement","High","No"
"https://backyardsaunapro.com/guides/best-sauna-towels/","Best Sauna Towels (2025): What Actually Works","buying guide","accessories","commercial investigation","High","440","2026-05-16","","","","","","2","4","","Amazon","Validate products, methodology, CTA, and traffic","High","No"
"https://backyardsaunapro.com/guides/best-saunas-under-2000/","Best Backyard Saunas Under $2,000 (2025) Real Value Picks","buying guide","general sauna","commercial investigation","High","290","2026-08-05","","","","","","3","1","","Amazon","Validate products, methodology, CTA, and traffic","High","No"
"https://backyardsaunapro.com/guides/best-saunas-under-3000/","Best Backyard Saunas Under $3,000 (2026): Barrel Kits, Infrared & More","buying guide","general sauna","commercial investigation","High","606","2026-05-16","","","","","","0","1","","Amazon","Validate products, methodology, CTA, and traffic","High","No"
"https://backyardsaunapro.com/guides/best-saunas-under-5000/","Best Saunas Under $5,000 (2025) Top Picks for Every Style","buying guide","general sauna","commercial investigation","High","349","2026-03-18","0","7","","","","4","4","","Amazon; Select Saunas","Validate products, methodology, CTA, and traffic","High","No"
"https://backyardsaunapro.com/guides/best-wood-burning-sauna-heaters/","Best Wood-Burning Sauna Heaters (2025) Top Stoves Reviewed","buying guide","heaters","commercial investigation","High","431","2026-03-18","","","","","","4","4","","Amazon","Validate products, methodology, CTA, and traffic","High","No"
"https://backyardsaunapro.com/guides/calories-burned-in-sauna/","Calories Burned in a Sauna: Calculator and Real Numbers","health information","health and use","informational","Low-medium","525","2026-03-18","","","","","","0","5","Medical-adjacent content requires primary-source review; No direct monetization component","","Primary-source medical review","High","Yes before major medical rewrite"
"https://backyardsaunapro.com/guides/cedar-vs-hemlock-sauna/","Cedar vs Hemlock Sauna Wood: A Practical Comparison","comparison","general sauna","commercial investigation","Medium-high","547","2026-08-05","0","30","","","","7","6","No direct monetization component","","Monitor revised page indexing and engagement","High","No"
"https://backyardsaunapro.com/guides/contacts-in-sauna/","Can You Wear Contact Lenses in a Sauna? What Optometrists Say","informational guide","general sauna","informational","Low-medium","517","2026-03-18","","","","","","3","5","No direct monetization component","","Await analytics data","Medium","No"
"https://backyardsaunapro.com/guides/electric-vs-wood-fired-sauna/","Electric vs Wood-Fired Sauna: Which Is Better for Your Backyard?","comparison","general sauna","commercial investigation","Medium-high","393","2026-08-05","","","","","","1","1","","Amazon","Validate products, methodology, CTA, and traffic","High","No"
"https://backyardsaunapro.com/guides/gravel-pad-for-barrel-sauna/","Gravel Pad for Barrel Sauna: How to Prep Your Site the Right Way","informational guide","barrel saunas","informational","Low-medium","1185","2026-03-18","","","","","","12","5","No direct monetization component","","Await analytics data","Medium","No"
"https://backyardsaunapro.com/guides/gym-sauna-etiquette/","Gym Sauna Etiquette: What to Do and What to Avoid","informational guide","general sauna","informational","Low-medium","587","2026-03-18","","","","","","2","5","No direct monetization component","","Await analytics data","Medium","No"
"https://backyardsaunapro.com/guides/headphones-in-sauna/","Headphones in a Sauna: What Works (and What Gets Destroyed)","informational guide","general sauna","informational","Low-medium","525","2026-05-16","","","","","","3","4","","Amazon","Await analytics data","Medium","No"
"https://backyardsaunapro.com/guides/how-long-to-stay-in-sauna/","How Long Should You Stay in a Sauna? (By Experience Level)","informational guide","general sauna","informational","Low-medium","620","2026-03-18","","","","","","11","4","No direct monetization component","","Await analytics data","Medium","No"
"https://backyardsaunapro.com/guides/how-much-space-for-backyard-sauna/","How Much Space Do You Need for a Backyard Sauna? (Size Guide)","informational guide","outdoor saunas","informational","Low-medium","349","2026-03-18","","","","","","2","1","","Amazon","Await analytics data","Medium","No"
"https://backyardsaunapro.com/guides/how-to-assemble-barrel-sauna/","How to Assemble a Barrel Sauna: Step-by-Step Guide (2025)","planning guide","barrel saunas","informational","Medium-high","240","2026-03-18","0","8","","","","3","1","","Amazon","Await analytics data","Medium","No"
"https://backyardsaunapro.com/guides/how-to-build-a-sauna/","How to Build a Sauna: A Safe Planning Sequence for Kits and Custom Builds","planning guide","planning and installation","informational","Medium-high","463","2026-08-05","","","","","","15","6","No direct monetization component","","Monitor revised page indexing and engagement","High","No"
"https://backyardsaunapro.com/guides/how-to-use-a-sauna/","How to Use a Sauna: A Beginner","informational guide","general sauna","informational","Low-medium","691","2026-03-18","","","","","","6","5","","Amazon","Await analytics data","Medium","No"
"https://backyardsaunapro.com/guides/","Sauna Guides Backyard Sauna Pro","informational guide","general sauna","informational","Low-medium","14","2026-05-15","0","7","","","","0","0","No direct monetization component","","Await analytics data","Medium","No"
"https://backyardsaunapro.com/guides/infrared-vs-traditional-sauna/","Infrared vs Traditional Sauna: Which Is Right for You? (2025 Guide)","comparison","infrared saunas","commercial investigation","Medium-high","555","2026-03-18","0","2","","","","13","4","","Amazon","Validate products, methodology, CTA, and traffic","High","No"
"https://backyardsaunapro.com/guides/mobile-sauna-for-sale/","Mobile Sauna for Sale (2025): What to Know Before You Buy","buying guide","general sauna","commercial investigation","High","646","2026-05-16","","","","","","1","4","","Amazon","Validate products, methodology, CTA, and traffic","High","No"
"https://backyardsaunapro.com/guides/outdoor-sauna-buying-checklist/","Outdoor Sauna Buying Checklist: Verify Before You Order","informational guide","outdoor saunas","informational","Low-medium","154","2026-08-05","","","","","","17","6","No direct monetization component","","Monitor revised page indexing and engagement","High","No"
"https://backyardsaunapro.com/guides/outdoor-sauna-cost/","How Much Does an Outdoor Sauna Cost? (2025 Price Guide)","planning guide","outdoor saunas","informational","Medium-high","407","2026-03-18","","","","","","10","1","","Amazon","Await analytics data","Medium","No"
"https://backyardsaunapro.com/guides/outdoor-sauna-for-sale/","Outdoor Sauna for Sale: Best Picks and Where to Buy in 2025","buying guide","outdoor saunas","commercial investigation","High","488","2026-05-16","","","","","","2","8","","Amazon; Select Saunas","Validate products, methodology, CTA, and traffic","High","No"
"https://backyardsaunapro.com/guides/outdoor-sauna-ideas/","Outdoor Sauna Ideas: Designs, Layouts, and Backyard Inspiration (2025)","informational guide","outdoor saunas","informational","Low-medium","737","2026-03-18","","","","","","2","11","No direct monetization component","","Await analytics data","Medium","No"
"https://backyardsaunapro.com/guides/outdoor-sauna-permits/","Do You Need a Permit for an Outdoor Sauna? (2025 Guide)","informational guide","outdoor saunas","informational","Low-medium","692","2026-03-18","","","","","","6","4","","Amazon","Await analytics data","Medium","No"
"https://backyardsaunapro.com/guides/outdoor-sauna-winter/","Outdoor Sauna in Winter: How to Use, Maintain, and Love It in the Cold","informational guide","outdoor saunas","informational","Low-medium","860","2026-03-18","","","","","","2","7","No direct monetization component","","Await analytics data","Medium","No"
"https://backyardsaunapro.com/guides/outdoor-vs-indoor-sauna/","Outdoor Sauna vs Indoor Sauna: Which One Is Right for You?","comparison","outdoor saunas","commercial investigation","Medium-high","1477","2026-08-05","0","61","","","","0","4","No direct monetization component","","Monitor revised page indexing and engagement","High","No"
"https://backyardsaunapro.com/guides/propane-sauna-heater/","Propane Sauna Heaters: How They Work, Top Models, and What to Know","informational guide","heaters","informational","Low-medium","732","2026-03-18","","","","","","2","6","No direct monetization component","","Await analytics data","Medium","No"
"https://backyardsaunapro.com/guides/redwood-outdoors-vs-almost-heaven/","Redwood Outdoors vs Almost Heaven Sauna (2025): Which Should You Buy?","comparison","outdoor saunas","commercial investigation","Medium-high","605","2026-08-05","","","","","","1","5","","Amazon","Validate products, methodology, CTA, and traffic","High","No"
"https://backyardsaunapro.com/guides/sauna-after-workout/","Sauna After Workout: Benefits, Timing, and What the Research Says","health information","health and use","informational","Low-medium","795","2026-03-18","","","","","","12","4","Medical-adjacent content requires primary-source review; No direct monetization component","","Primary-source medical review","High","Yes before major medical rewrite"
"https://backyardsaunapro.com/guides/sauna-before-or-after-workout/","Sauna Before or After Workout: What","health information","health and use","informational","Low-medium","608","2026-03-18","","","","","","0","5","Medical-adjacent content requires primary-source review; No direct monetization component","","Primary-source medical review","High","Yes before major medical rewrite"
"https://backyardsaunapro.com/guides/sauna-benefits-for-skin/","Sauna Benefits for Skin: What","health information","health and use","informational","Low-medium","586","2026-03-18","","","","","","0","4","Medical-adjacent content requires primary-source review; No direct monetization component","","Primary-source medical review","High","Yes before major medical rewrite"
"https://backyardsaunapro.com/guides/sauna-cold-plunge/","Sauna and Cold Plunge: How to Do Contrast Therapy Right","informational guide","general sauna","informational","Low-medium","749","2026-03-18","","","","","","8","4","No direct monetization component","","Await analytics data","Medium","No"
"https://backyardsaunapro.com/guides/sauna-cost/","How Much Does a Sauna Cost? (2025 Pricing Guide)","planning guide","planning and installation","informational","Medium-high","618","2026-05-16","","","","","","7","7","","Amazon","Await analytics data","Medium","No"
"https://backyardsaunapro.com/guides/sauna-door-guide/","Sauna Doors: What to Know, Sizes, and What to Buy","informational guide","general sauna","informational","Low-medium","599","2026-03-18","","","","","","0","4","No direct monetization component","","Await analytics data","Medium","No"
"https://backyardsaunapro.com/guides/sauna-during-pregnancy/","Sauna During Pregnancy: Current Guidance and Safer Next Steps","health information","health and use","informational","Low-medium","496","2026-08-05","0","5","","","","0","3","Medical-adjacent content requires primary-source review; No direct monetization component","","Primary-source medical review","High","Yes before major medical rewrite"
"https://backyardsaunapro.com/guides/sauna-electrical-requirements/","Sauna Electrical Requirements: What You Need to Know Before Installing","planning guide","planning and installation","informational","Medium-high","619","2026-03-18","","","","","","14","4","No direct monetization component","","Await analytics data","Medium","No"
"https://backyardsaunapro.com/guides/sauna-etiquette/","Sauna Etiquette: What to Know Before You Go","informational guide","general sauna","informational","Low-medium","725","2026-03-18","","","","","","5","3","No direct monetization component","","Await analytics data","Medium","No"
"https://backyardsaunapro.com/guides/sauna-for-back-pain/","Sauna for Back Pain: Evidence, Limits, and Warning Signs","health information","health and use","informational","Low-medium","536","2026-08-05","0","1","","","","4","4","Medical-adjacent content requires primary-source review; No direct monetization component","","Monitor revised page indexing and engagement","High","No"
"https://backyardsaunapro.com/guides/sauna-for-couples/","Best Sauna for Two People (2025): Outdoor and Indoor Picks for Couples","informational guide","general sauna","informational","Low-medium","617","2026-05-16","","","","","","1","4","","Amazon","Await analytics data","Medium","No"
"https://backyardsaunapro.com/guides/sauna-for-hangover/","Sauna for Hangover: Does It Actually Help?","health information","health and use","informational","Low-medium","532","2026-03-18","","","","","","0","4","Medical-adjacent content requires primary-source review; No direct monetization component","","Primary-source medical review","High","Yes before major medical rewrite"
"https://backyardsaunapro.com/guides/sauna-for-weight-loss/","Sauna for Weight Loss: Water Weight, Calories, and Evidence","health information","health and use","informational","Low-medium","518","2026-08-05","","","","","","5","4","Medical-adjacent content requires primary-source review; No direct monetization component","","Monitor revised page indexing and engagement","High","No"
"https://backyardsaunapro.com/guides/sauna-foundation-guide/","Sauna Foundation Guide: Base Options for Outdoor Saunas (2025)","planning guide","planning and installation","informational","Medium-high","259","2026-03-18","","","","","","6","1","No direct monetization component","","Await analytics data","Medium","No"
"https://backyardsaunapro.com/guides/sauna-gift-ideas/","Sauna Gift Ideas (2025): Best Gifts for Sauna Lovers","informational guide","general sauna","informational","Low-medium","439","2026-05-16","0","3","","","","1","5","","Amazon","Await analytics data","Medium","No"
"https://backyardsaunapro.com/guides/sauna-health-benefits/","Sauna Health Benefits: What the Evidence Can and Cannot Show","health information","health and use","informational","Low-medium","677","2026-08-05","","","","","","16","4","Medical-adjacent content requires primary-source review; No direct monetization component","","Monitor revised page indexing and engagement","High","No"
"https://backyardsaunapro.com/guides/sauna-heater-sizing-guide/","Sauna Heater Sizing Guide (2025) What Size Heater Do You Need?","planning guide","heaters","informational","Medium-high","432","2026-03-18","","","","","","39","4","","Amazon","Await analytics data","Medium","No"
"https://backyardsaunapro.com/guides/sauna-insulation/","Sauna Insulation Guide: What to Use and How to Install It","informational guide","planning and installation","informational","Low-medium","668","2026-03-18","","","","","","1","5","No direct monetization component","","Await analytics data","Medium","No"
"https://backyardsaunapro.com/guides/sauna-kits/","Sauna Kits: Best Outdoor and Indoor Options in 2025","buying guide","general sauna","commercial investigation","High","644","2026-05-16","","","","","","0","10","","Amazon","Validate products, methodology, CTA, and traffic","High","No"
"https://backyardsaunapro.com/guides/sauna-maintenance-guide/","Backyard Sauna Maintenance Guide Keep Your Sauna Lasting Decades","informational guide","general sauna","informational","Low-medium","204","2026-03-18","","","","","","4","1","","Amazon","Await analytics data","Medium","No"
"https://backyardsaunapro.com/guides/sauna-privacy-screen/","Outdoor Sauna Privacy: Screens, Fences, and Simple Solutions (2025)","informational guide","general sauna","informational","Low-medium","559","2026-05-16","0","5","","","","0","6","","Amazon","Await analytics data","Medium","No"
"https://backyardsaunapro.com/guides/sauna-room-ideas/","Sauna Room Ideas: Design, Layout, and Material Inspiration (2025)","informational guide","general sauna","informational","Low-medium","811","2026-03-18","","","","","","3","10","No direct monetization component","","Await analytics data","Medium","No"
"https://backyardsaunapro.com/guides/sauna-tent/","Sauna Tent (2025): What They Are, Best Picks, and Who They","informational guide","general sauna","informational","Low-medium","491","2026-05-16","","","","","","0","5","","Amazon","Await analytics data","Medium","No"
"https://backyardsaunapro.com/guides/sauna-ventilation/","Sauna Ventilation: How to Do It Right (Intake, Exhaust, Placement)","informational guide","planning and installation","informational","Low-medium","754","2026-03-18","","","","","","8","4","No direct monetization component","","Await analytics data","Medium","No"
"https://backyardsaunapro.com/guides/sauna-vs-hot-tub/","Sauna vs Hot Tub: Which Is Worth Buying in 2025?","comparison","general sauna","commercial investigation","Medium-high","676","2026-05-16","","","","","","1","6","","Amazon","Validate products, methodology, CTA, and traffic","High","No"
"https://backyardsaunapro.com/guides/sauna-vs-steam-room/","Sauna vs Steam Room: Key Differences and Which One to Buy","comparison","general sauna","commercial investigation","Medium-high","735","2026-03-18","","","","","","3","4","No direct monetization component","","Validate products, methodology, CTA, and traffic","High","No"
"https://backyardsaunapro.com/guides/sauna-wood/","Sauna Wood: Best Species for Walls, Benches, and Framing (2025)","informational guide","general sauna","informational","Low-medium","650","2026-03-18","","","","","","1","5","No direct monetization component","","Await analytics data","Medium","No"
"https://backyardsaunapro.com/guides/what-to-wear-in-sauna/","What to Wear in a Sauna: Home, Gym, and Public Saunas","informational guide","general sauna","informational","Low-medium","524","2026-03-18","","","","","","2","8","No direct monetization component","","Await analytics data","Medium","No"
"https://backyardsaunapro.com/guides/wood-burning-sauna/","Wood-Burning Sauna: Stoves, Setup, and Whether It","informational guide","general sauna","informational","Low-medium","494","2026-05-16","","","","","","3","6","","Amazon","Await analytics data","Medium","No"
"https://backyardsaunapro.com/how-we-review/","How We Research and Review Saunas | Backyard Sauna Pro","trust or utility page","general sauna","informational","Low-medium","371","2026-08-05","","","","","","8","1","No direct monetization component","","Await analytics data","Medium","No"
"https://backyardsaunapro.com/","Backyard Sauna Pro | Best Outdoor Saunas Reviewed (2026)","homepage","general sauna","informational","Low-medium","92","2026-08-05","0","112","","","","0","4","","Amazon; Sun Home; Kit capture","Await analytics data","Medium","No"
"https://backyardsaunapro.com/newsletter/","Backyard Sauna Pro Newsletter and Buying Checklist","trust or utility page","general sauna","informational","Low-medium","64","2026-08-05","","","","","","0","1","","Kit capture","Await analytics data","Medium","No"
"https://backyardsaunapro.com/newsletter/check-your-email/","Check Your Email | Backyard Sauna Pro","trust or utility page","general sauna","informational","Low-medium","60","2026-08-05","","","","","","0","1","No direct monetization component","","Await analytics data","Medium","No"
"https://backyardsaunapro.com/newsletter/confirmed/","Subscription Confirmed | Backyard Sauna Pro","trust or utility page","general sauna","informational","Low-medium","34","2026-08-05","","","","","","0","2","No direct monetization component","","Await analytics data","Medium","No"
"https://backyardsaunapro.com/partners/","Partner With Backyard Sauna Pro","trust or utility page","general sauna","informational","Low-medium","144","2026-08-05","","","","","","0","0","No direct monetization component","","Await analytics data","Medium","No"
"https://backyardsaunapro.com/privacy/","Privacy Policy Backyard Sauna Pro","trust or utility page","general sauna","informational","Low-medium","392","2026-08-05","","","","","","1","1","No direct monetization component","","Await analytics data","Medium","No"
"https://backyardsaunapro.com/reviews/almost-heaven-pinnacle-review/","Almost Heaven Pinnacle Barrel Sauna Review (2025) Is It Worth It?","product review","general sauna","commercial investigation","High","732","2026-03-18","","","","","","3","3","","Amazon","Validate products, methodology, CTA, and traffic","High","No"
"https://backyardsaunapro.com/reviews/dynamic-saunas-barcelona-review/","Dynamic Saunas Barcelona Review (2025): Best Under $1k?","product review","general sauna","commercial investigation","High","480","2026-03-18","0","7","","","","3","4","","Amazon","Validate products, methodology, CTA, and traffic","High","No"
"https://backyardsaunapro.com/reviews/harvia-kip-60b-review/","Harvia KIP 60B Review: Specifications, Installation, Pros and Cons","product review","general sauna","commercial investigation","High","414","2026-08-05","","","","","","7","3","","Amazon","Validate products, methodology, CTA, and traffic","High","No"
"https://backyardsaunapro.com/reviews/","Sauna Reviews: Brands, Heaters, and Home Saunas (2026)","product review","general sauna","commercial investigation","High","359","2026-05-15","0","40","","","","0","14","No direct monetization component","","Monitor revised page indexing and engagement","High","No"
"https://backyardsaunapro.com/sauna-planner/","Free Sauna Project Planner: Create a Buyer Brief","trust or utility page","general sauna","informational","Low-medium","245","2026-08-05","","","","","","7","2","No direct monetization component","","Await analytics data","Medium","No"
"https://backyardsaunapro.com/tools/sauna-cost-calculator/","Sauna Project Cost Calculator: Total Your Real Quotes","trust or utility page","planning and installation","informational","Low-medium","103","2026-08-05","","","","","","9","2","No direct monetization component","","Await analytics data","Medium","No"
"https://backyardsaunapro.com/tools/sauna-electricity-cost-calculator/","Sauna Electricity Cost Calculator","trust or utility page","planning and installation","informational","Low-medium","129","2026-08-05","","","","","","1","0","No direct monetization component","","Await analytics data","Medium","No"
