"query","current_clicks","previous_clicks","click_difference","current_impressions","previous_impressions","impression_difference"
"2 person outdoor sauna","0","0","0","116","78","38"
"backyard sauna","0","0","0","80","53","27"
"two person outdoor sauna","0","0","0","68","45","23"
"outdoor vs indoor sauna","0","0","0","51","8","43"
"best portable infrared sauna","0","0","0","41","1","40"
"best portable saunas","0","0","0","40","14","26"
"best home sauna","0","0","0","37","52","-15"
"huum sauna heater review","0","0","0","29","30","-1"
"outdoor infrared sauna 2 person","0","0","0","29","29","0"
"best portable sauna","0","0","0","28","20","8"
"i want to buy an indoor sauna, any recommendations?","0","0","0","27","27","0"
"2 person saunas","0","0","0","27","5","22"
"2 person outdoor traditional sauna","0","0","0","27","21","6"
"outdoor sauna 2 person","0","0","0","26","21","5"
"best sauna kits","0","0","0","26","36","-10"
"home sauna","0","0","0","25","2","23"
"home sauna best","0","0","0","23","3","20"
"best sauna for home","0","0","0","22","9","13"
"2 person sauna outdoor","0","0","0","20","7","13"
"best 2 person sauna","0","0","0","18","17","1"
"best home saunas","0","0","0","18","23","-5"
"home sauna indoor","0","0","0","17","64","-47"
"best home sauna brands","0","0","0","16","3","13"
"sauna backrest","0","0","0","15","23","-8"
"sauna backrests","0","0","0","15","21","-6"
"outdoor 2 person sauna","0","0","0","15","2","13"
"outdoor two person sauna","0","0","0","14","13","1"
"best portable sauna 2025","0","0","0","12","8","4"
"sauna outdoor 2 person","0","0","0","12","4","8"
"hemlock sauna wood","0","0","0","12","0","12"
"best sauna backrest","0","0","0","11","12","-1"
"two person saunas","0","0","0","11","0","11"
"best portable steam sauna","0","0","0","10","7","3"
"home saunas","0","0","0","10","4","6"
"best sauna kit","0","0","0","9","26","-17"
"indoor sauna for sauna","0","0","0","9","0","9"
"residential saunas","0","0","0","8","8","0"
"2 person outdoor barrel sauna","0","0","0","8","11","-3"
"indoor sauna kits","0","0","0","7","105","-98"
"in home sauna kit","0","0","0","7","6","1"
"best portable home saunas","0","0","0","7","4","3"
"buy indoor sauna","0","0","0","7","23","-16"
"best sauna","0","0","0","7","1","6"
"2 person modern sauna","0","0","0","7","3","4"
"best personal sauna","0","0","0","7","2","5"
"best at home sauna","0","0","0","7","6","1"
"best in home sauna","0","0","0","7","3","4"
"sauna kits indoor","0","0","0","6","26","-20"
"sauna 2 person outdoor","0","0","0","6","6","0"
"indoor sauna kit","0","0","0","6","13","-7"
"two person sauna outdoor","0","0","0","6","6","0"
"best indoor sauna","0","0","0","6","2","4"
"backyard saunas","0","0","0","6","9","-3"
"top rated home saunas","0","0","0","6","11","-5"
"keys backyard sauna","0","0","0","5","2","3"
"sauna indoor kit","0","0","0","5","3","2"
"best pop up saunas","0","0","0","5","2","3"
"best tent saunas","0","0","0","5","5","0"
"in home sauna","0","0","0","5","10","-5"
"best portable sauna 2024","0","0","0","5","2","3"
"i'm looking to buy a quality indoor sauna for my home","0","0","0","5","17","-12"
"portable saunas","0","0","0","5","63","-58"
"sauna for your home","0","0","0","5","3","2"
"2 person barrel sauna","0","0","0","5","20","-15"
"best home sauna 2020","0","0","0","5","5","0"
"2 person outdorr traditional sauna","0","0","0","5","4","1"
"best home sauna 2021","0","0","0","5","3","2"
"best portable home sauna","0","0","0","5","5","0"
"quality at home sauna","0","0","0","5","0","5"
"sauna hygrometer","0","0","0","4","0","4"
"portable sauna","0","0","0","4","6","-2"
"best tent sauna","0","0","0","4","2","2"
"portable sauna reviews","0","0","0","4","2","2"
"huum","0","0","0","4","4","0"
"best home portable sauna","0","0","0","4","4","0"
"custom barrel sauna guide","0","0","0","4","0","4"
"outdoor steam sauna 2 person","0","0","0","4","1","3"
"sauna for home","0","0","0","4","0","4"
"best home sauna kits","0","0","0","4","2","2"
"indoor or outdoor sauna","0","0","0","4","0","4"
"redwood outdoors thermowood barrel sauna review","0","0","0","3","3","0"
"best portable steam sauna 2025","0","0","0","3","0","3"
"2 person outdoor saunas","0","0","0","3","2","1"
"sauna thermometer","0","0","0","3","0","3"
"best outdoor sauna for 2 people","0","0","0","3","0","3"
"best 2 person outdoor sauna","0","0","0","3","0","3"
"hottest portable sauna","0","0","0","3","1","2"
"best sauna for basement","0","0","0","3","4","-1"
"2 person sauna outdoors","0","0","0","3","1","2"
"outdoor sauna kits 2 person","0","0","0","3","0","3"
"saunas for home","0","0","0","3","0","3"
"best home steam sauna","0","0","0","3","4","-1"
"best infrared portable sauna","0","0","0","3","0","3"
"hva er de billigste alternativene for å kjøpe en sauna?","0","0","0","3","3","0"
"best at home saunas","0","0","0","3","2","1"
"best sauna home","0","0","0","3","4","-1"
"best dry saunas for home","0","0","0","3","2","1"
"keys backyard sauna review","0","0","0","2","4","-2"
"best sauna thermometer","0","0","0","2","0","2"
"sauna kit indoor","0","0","0","2","12","-10"
"best indoor sauna kits","0","0","0","2","0","2"
"harvia sauna heater review","0","0","0","2","0","2"
"best 2 person sauna outdoor","0","0","0","2","0","2"
"dynamic infrared sauna review","0","0","0","2","0","2"
"2 person garden sauna","0","0","0","2","0","2"
"2 person sauna best deal","0","0","0","2","1","1"
"best outdoor sauna 2 person","0","0","0","2","0","2"
"best sauna tent","0","0","0","2","7","-5"
"2 person outdoor sauna for sale","0","0","0","2","4","-2"
"almost heaven saunas salem 2 person barrel sauna reviews","0","0","0","2","4","-2"
"backyard outdoor sauna","0","0","0","2","3","-1"
"best budget sauna","0","0","0","2","2","0"
"barrel sauna guide 2026","0","0","0","2","1","1"
"sauna backrest adjustable","0","0","0","2","4","-2"
"hottest home sauna","0","0","0","2","3","-1"
"sauna indoor","0","0","0","2","6","-4"
"best portable sauna infrared","0","0","0","2","2","0"
"portable saunas for home","0","0","0","2","3","-1"
"best two person sauna","0","0","0","2","3","-1"
"affordable home saunas","0","0","0","2","0","2"
"best affordable home sauna","0","0","0","2","0","2"
"best home dry sauna","0","0","0","2","0","2"
"best home sauna 2025","0","0","0","2","0","2"
"best one person sauna","0","0","0","2","0","2"
"indoor sauna room","0","0","0","2","0","2"
"top portable sauna","0","0","0","2","0","2"
"best portable dry sauna","0","0","0","2","0","2"
"portable sauna for home","0","0","0","2","10","-8"
"outdoor 2 person infrared sauna","0","0","0","2","0","2"
"best home saunas 2025","0","0","0","2","1","1"
"2 person outdoor steam sauna for sale","0","0","0","2","0","2"
"cedar vs hemlock","0","0","0","2","0","2"
"best infrared saunas 2025","0","0","0","2","0","2"
"best in home saunas","0","0","0","2","1","1"
"best rated sauna","0","0","0","2","0","2"
"best sauna for home use","0","0","0","2","0","2"
"hemlock wood saunas","0","0","0","2","0","2"
"best budget sauna for home","0","0","0","2","0","2"
"infrared sauna at home kit","0","0","0","2","0","2"
"best home saunas 2020","0","0","0","2","1","1"
"two person outdoor infrared sauna","0","0","0","2","0","2"
"infrared sauna for home indoor","0","0","0","2","0","2"
"sauna for homeowners","0","0","0","2","0","2"
"best portable sauna for home","0","0","0","1","0","1"
"what is the best portable sauna","0","0","0","1","0","1"
"2 person outdoor","0","0","0","1","0","1"
"cedarbrook sauna reviews","0","0","0","1","1","0"
"best sauna 2025","0","0","0","1","0","1"
"indoor steam sauna kit","0","0","0","1","0","1"
"sauna back rests","0","0","0","1","0","1"
"two-person sauna","0","0","0","1","0","1"
"2 man outdoor sauna","0","0","0","1","0","1"
"indoor sauna kit for home","0","0","0","1","3","-2"
"two person sauna","0","0","0","1","0","1"
"home indoor sauna","0","0","0","1","7","-6"
"sauna backrest design","0","0","0","1","3","-2"
"2 person infrared outdoor sauna","0","0","0","1","0","1"
"backcountry recreation reviews","0","0","0","1","0","1"
"backyard discovery sauna app","0","0","0","1","0","1"
"in house sauna","0","0","0","1","10","-9"
"pro 6 sauna reviews","0","0","0","1","0","1"
"indoor steam saunas","0","0","0","1","0","1"
"2 person outdoor steam sauna","0","0","0","1","1","0"
"indoor sauna kits for sale","0","0","0","1","5","-4"
"most accurate sauna thermometer","0","0","0","1","0","1"
"best portable steam room","0","0","0","1","1","0"
"best sauna thermometer reviews","0","0","0","1","0","1"
"huum sauna heater reviews","0","0","0","1","0","1"
"buy a home sauna","0","0","0","1","1","0"
"sauna for backyard","0","0","0","1","1","0"
"best 2 person outdoor infrared sauna","0","0","0","1","0","1"
"steam sauna kits indoor","0","0","0","1","0","1"
"2 person sauna","0","0","0","1","0","1"
"best 2 person outdoor sauna uk","0","0","0","1","0","1"
"portable saunas reviews","0","0","0","1","0","1"
"sauna for your house","0","0","0","1","0","1"
"sauna reviews","0","0","0","1","0","1"
"best backyard sauna","0","0","0","1","1","0"
"huum vs harvia sauna heater","0","0","0","1","0","1"
"home.sauna","0","0","0","1","0","1"
"buy a sauna for your home","0","0","0","1","0","1"
"sauna backrest height","0","0","0","1","1","0"
"best 2 person saunas","0","0","0","1","2","-1"
"best saunas for home","0","0","0","1","2","-1"
"outdoor traditional sauna 2 person","0","0","0","1","0","1"
"dynamic infrared sauna reviews","0","0","0","1","0","1"
"suana for home","0","0","0","1","0","1"
"best sauna under 3000","0","0","0","1","0","1"
"indoor electric sauna","0","0","0","1","1","0"
"suana home","0","0","0","1","0","1"
"top rated portable infrared saunas","0","0","0","1","0","1"
"2 person sauna reviews","0","0","0","1","0","1"
"barrel sauna 2 person","0","0","0","1","3","-2"
"best indoor steam sauna","0","0","0","1","1","0"
"best outdoor infrared sauna 2 person","0","0","0","1","0","1"
"best portable sauna tent","0","0","0","1","1","0"
"sauna for 2 people","0","0","0","1","2","-1"
"best home sauna kit","0","0","0","1","0","1"
"best outdoor sauna 2025","0","0","0","1","0","1"
"best pop up sauna","0","0","0","1","0","1"
"best rated portable sauna","0","0","0","1","0","1"
"hemlock vs cedar sauna","0","0","0","1","0","1"
"indoor sauna","0","0","0","1","89","-88"
"sauna for 2 person","0","0","0","1","1","0"
"top rated indoor saunas","0","0","0","1","0","1"
"best 1 person sauna","0","0","0","1","0","1"
"best portable sauna reviews","0","0","0","1","0","1"
"best single person sauna","0","0","0","1","1","0"
"outdoor sauna review","0","0","0","1","1","0"
"top rated portable sauna","0","0","0","1","0","1"
"best affordable saunas","0","0","0","1","2","-1"
"best home sauna 2018","0","0","0","1","0","1"
"best outdoor saunas 2025","0","0","0","1","1","0"
"indoor steam sauna","0","0","0","1","7","-6"
"outdoor sauna reviews","0","0","0","1","0","1"
"cedar vs hemlock sauna","0","0","0","1","0","1"
"infrared sauna outdoor 2 person","0","0","0","1","0","1"
"saunas for your home","0","0","0","1","0","1"
"best indoor infrared sauna","0","0","0","1","0","1"
"best saunas 2025","0","0","0","1","1","0"
"best saunas to buy","0","0","0","1","0","1"
"hemlock sauna vs cedar sauna","0","0","0","1","0","1"
"name brand portable sauna","0","0","0","1","1","0"
"portable home saunas","0","0","0","1","1","0"
"sauna review","0","0","0","1","0","1"
"home suanas","0","0","0","1","0","1"
"best sauna at home","0","0","0","1","0","1"
"best sauna for the money","0","0","0","1","0","1"
"best indoor saunas","0","0","0","1","1","0"
"best rated saunas","0","0","0","1","0","1"
"indoor saunas for home","0","0","0","1","0","1"
"hemlock wood vs cedar","0","0","0","1","0","1"
"home sauna outdoor 2 person","0","0","0","1","0","1"
"sauna hemlock","0","0","0","1","0","1"
"sauna in gravidanza","0","0","0","1","0","1"
"best home sauna indoor","0","0","0","1","2","-1"
"outdoor sauna for two","0","0","0","1","0","1"
"sauna best","0","0","0","1","0","1"
"best saunas on amazon","0","0","0","1","1","0"
"best home infrared sauna 2025","0","0","0","1","0","1"
"best home sauna reviews","0","0","0","1","0","1"
"best home sauna for the money","0","0","0","1","0","1"
"best rated home saunas","0","0","0","1","0","1"
"best sauna for home outdoor","0","0","0","1","0","1"
"hemlock vs cedar","0","0","0","1","0","1"
"indoor sauna vs outdoor sauna","0","0","0","1","0","1"
"highest rated home sauna","0","0","0","1","0","1"
"pregnant sauna","0","0","0","1","0","1"
"top home saunas","0","0","0","1","0","1"
"top rated saunas","0","0","0","1","2","-1"
"2 person traditional sauna outdoor","0","0","0","1","0","1"
"best indoor traditional sauna","0","0","0","1","14","-13"
"best two person outdoor sauna","0","0","0","1","2","-1"
"best in house sauna","0","0","0","1","0","1"
"best outdoor sauna 2-person","0","0","0","1","0","1"
"what is the best sauna to buy","0","0","0","1","0","1"
"2 person outdoor infrared sauna","0","0","0","1","0","1"
"best outdoor 2 person sauna","0","0","0","1","0","1"
"best saunas for home outdoor","0","0","0","1","0","1"
"steam room and pregnancy","0","0","0","1","0","1"
"best 2 person sauna indoor","0","0","0","1","0","1"
"best sauna to buy","0","0","0","1","0","1"
"best small saunas","0","0","0","1","0","1"
"top saunas for home","0","0","0","1","1","0"
"2 person steam sauna outdoor","0","0","0","1","2","-1"
"best indoor home sauna","0","0","0","1","0","1"
"best sauna tent for home","0","0","0","1","0","1"
"indoor vs outdoor sauna","0","0","0","1","0","1"
"top home sauna","0","0","0","1","0","1"
"top rated sauna for home","0","0","0","1","0","1"
"buying a sauna for home","0","0","0","1","2","-1"
"2 people capacity outdoor sauna","0","0","0","1","0","1"
"putting a sauna in your home","0","0","0","1","0","1"
"best portable infrared sauna for home","0","0","0","1","0","1"
"indoor sauna for home","0","0","0","0","26","-26"
"indoor saunas","0","0","0","0","20","-20"
"home sauna rooms","0","0","0","0","19","-19"
"home saunas indoor","0","0","0","0","12","-12"
"indoor small sauna","0","0","0","0","9","-9"
"sauna indoor home","0","0","0","0","9","-9"
"indoor home sauna","0","0","0","0","9","-9"
"sauna system for home","0","0","0","0","7","-7"
"best sauna tents","0","0","0","0","7","-7"
"sauna in backyard","0","0","0","0","6","-6"
"sauna for home indoor","0","0","0","0","6","-6"
"two person barrel sauna","0","0","0","0","5","-5"
"indor sauna","0","0","0","0","5","-5"
"interior sauna","0","0","0","0","4","-4"
"in home saunas","0","0","0","0","4","-4"
"outdoor sauna 2 person upright","0","0","0","0","4","-4"
"indoor steam sauna for home","0","0","0","0","4","-4"
"sauna home indoor","0","0","0","0","4","-4"
"indoor sauna home","0","0","0","0","4","-4"
"indoor saunas for the home","0","0","0","0","4","-4"
"sauna backrest plans","0","0","0","0","3","-3"
"stand alone sauna indoor","0","0","0","0","3","-3"
"indoor wet sauna","0","0","0","0","3","-3"
"small indoor sauna supplier","0","0","0","0","3","-3"
"small indoor sauna","0","0","0","0","3","-3"
"home sauna units","0","0","0","0","3","-3"
"small sauna indoor","0","0","0","0","3","-3"
"residential sauna","0","0","0","0","3","-3"
"indoor sauana","0","0","0","0","3","-3"
"gifts for sauna","0","0","0","0","2","-2"
"pro sauna","0","0","0","0","2","-2"
"in house sauna room","0","0","0","0","2","-2"
"affordable home sauna","0","0","0","0","2","-2"
"portable home sauna","0","0","0","0","2","-2"
"small sauna indoor supplier","0","0","0","0","2","-2"
"best portable home steam sauna","0","0","0","0","2","-2"
"best residential saunas","0","0","0","0","2","-2"
"sauna for home indoor manufacturer","0","0","0","0","2","-2"
"i'm looking to buy a sauna for my cottage","0","0","0","0","2","-2"
"top rated saunas for home","0","0","0","0","2","-2"
"keys backyard infrared sauna","0","0","0","0","1","-1"
"outdoor sauna for 2","0","0","0","0","1","-1"
"sauna bench backrest","0","0","0","0","1","-1"
"sauna backrest dimensions","0","0","0","0","1","-1"
"sauna back rest","0","0","0","0","1","-1"
"sauna back support","0","0","0","0","1","-1"
"home sauna kit indoor","0","0","0","0","1","-1"
"indoor dry sauna","0","0","0","0","1","-1"
"indoor personal sauna","0","0","0","0","1","-1"
"sauna for inside house","0","0","0","0","1","-1"
"residential sauna kits","0","0","0","0","1","-1"
"sauna rooms for home","0","0","0","0","1","-1"
"infrared sauna home indoor","0","0","0","0","1","-1"
"indoor mini sauna","0","0","0","0","1","-1"
"indoor small sauna supplier","0","0","0","0","1","-1"
"portable in home sauna","0","0","0","0","1","-1"
"sauna gifts","0","0","0","0","1","-1"
"sauna unit for home","0","0","0","0","1","-1"
"personal indoor sauna","0","0","0","0","1","-1"
"cheap home saunas","0","0","0","0","1","-1"
"backyard infrared sauna","0","0","0","0","1","-1"
"at home sauna portable","0","0","0","0","1","-1"
"in-home sauna","0","0","0","0","1","-1"
"best indoor dry sauna","0","0","0","0","1","-1"
"portable sauna home","0","0","0","0","1","-1"
"sauna to buy","0","0","0","0","1","-1"
"best portable sauna steamer","0","0","0","0","1","-1"
"inexpensive home sauna","0","0","0","0","1","-1"
"electric indoor sauna","0","0","0","0","1","-1"
"indoor sauna at home","0","0","0","0","1","-1"
"sauna for the home","0","0","0","0","1","-1"
"cheap home sauna","0","0","0","0","1","-1"
"indoor steam sauna for home supplier","0","0","0","0","1","-1"
"affordable sauna for home","0","0","0","0","1","-1"
"indoor sauna electric","0","0","0","0","1","-1"
"saunas for home use","0","0","0","0","1","-1"
"best budget saunas","0","0","0","0","1","-1"
"best value sauna","0","0","0","0","1","-1"
"indoor home sauna supplier","0","0","0","0","1","-1"
"sauna for apartment","0","0","0","0","1","-1"
"sauna in my house","0","0","0","0","1","-1"
"thermowood reviews","0","0","0","0","1","-1"
"affordable saunas","0","0","0","0","1","-1"
"portable sauna at home","0","0","0","0","1","-1"
"affordable home sauna products","0","0","0","0","1","-1"
"best 2 person sauna for home","0","0","0","0","1","-1"
"home.sauna indoor","0","0","0","0","1","-1"
"portable sauna for home use","0","0","0","0","1","-1"
"saunas at home","0","0","0","0","1","-1"
"saunas for the home","0","0","0","0","1","-1"
"infrared sauna 2 person outdoor","0","0","0","0","1","-1"
"modern home sauna","0","0","0","0","1","-1"
"sauna for indoors","0","0","0","0","1","-1"
"in door sauna","0","0","0","0","1","-1"
"internal sauna","0","0","0","0","1","-1"
"indoor.sauna","0","0","0","0","1","-1"
"top rated portable saunas","0","0","0","0","1","-1"
"best in home saunas 2025","0","0","0","0","1","-1"
"indoor home saunas","0","0","0","0","1","-1"
"saunas indoor","0","0","0","0","1","-1"
"how much is a sauna at home","0","0","0","0","1","-1"
"indoor sauna for home supplier","0","0","0","0","1","-1"
"what is the best in home sauna","0","0","0","0","1","-1"
"best portable infrared saunas","0","0","0","0","1","-1"
"top rated at home sauna","0","0","0","0","1","-1"
"top rated home sauna","0","0","0","0","1","-1"
"best rated sauna for home","0","0","0","0","1","-1"
"best sauna brands for home","0","0","0","0","1","-1"
"best portable steam sauna for home","0","0","0","0","1","-1"
"best affordable sauna for home","0","0","0","0","1","-1"
"homesauna","0","0","0","0","1","-1"
"the best home sauna","0","0","0","0","1","-1"
"the best sauna for home","0","0","0","0","1","-1"
"best 2 person traditional sauna","0","0","0","0","1","-1"
"the best home saunas","0","0","0","0","1","-1"
"sit in sauna for home","0","0","0","0","1","-1"
