"url","last_crawled"
"https://backyardsaunapro.com/guides/sauna-health-benefits/","Jul 2, 2026"
"https://backyardsaunapro.com/guides/sauna-during-pregnancy/","May 31, 2026"
"https://backyardsaunapro.com/guides/best-barrel-saunas-cold-climates/","May 31, 2026"
"https://backyardsaunapro.com/guides/outdoor-sauna-buying-checklist/","May 31, 2026"
"https://backyardsaunapro.com/guides/sauna-for-weight-loss/","May 27, 2026"
"https://backyardsaunapro.com/guides/best-location-backyard-sauna/","May 12, 2026"
"https://backyardsaunapro.com/guides/how-to-build-a-sauna/","Apr 10, 2026"
"https://backyardsaunapro.com/guides/sauna-for-back-pain/","Apr 10, 2026"
"https://backyardsaunapro.com/guides/how-to-assemble-barrel-sauna","Mar 25, 2026"
"https://backyardsaunapro.com/guides","Mar 23, 2026"
"https://backyardsaunapro.com/guides/sauna-privacy-screen","Mar 17, 2026"
"https://backyardsaunapro.com/guides/outdoor-sauna-buying-checklist","Mar 5, 2026"
"https://backyardsaunapro.com/reviews","Mar 5, 2026"
