"Query","Current clicks","Previous clicks","Click change","Current impressions","Previous impressions","Impression change","Current CTR","Previous CTR","Current position","Previous position","Landing page","Intent","Notes"
"2 person outdoor sauna","0","0","0","116","78","38","0.0000","0.0000","","","","Informational","Position and landing-page dimensions were not included in the available comparison export"
"backyard sauna","0","0","0","80","53","27","0.0000","0.0000","","","","Informational","Position and landing-page dimensions were not included in the available comparison export"
"two person outdoor sauna","0","0","0","68","45","23","0.0000","0.0000","","","","Informational","Position and landing-page dimensions were not included in the available comparison export"
"outdoor vs indoor sauna","0","0","0","51","8","43","0.0000","0.0000","","","","Commercial investigation","Position and landing-page dimensions were not included in the available comparison export"
"best portable infrared sauna","0","0","0","41","1","40","0.0000","0.0000","","","","Commercial investigation","Position and landing-page dimensions were not included in the available comparison export"
"best portable saunas","0","0","0","40","14","26","0.0000","0.0000","","","","Commercial investigation","Position and landing-page dimensions were not included in the available comparison export"
"best home sauna","0","0","0","37","52","-15","0.0000","0.0000","","","","Commercial investigation","Position and landing-page dimensions were not included in the available comparison export"
"huum sauna heater review","0","0","0","29","30","-1","0.0000","0.0000","","","","Commercial investigation","Position and landing-page dimensions were not included in the available comparison export"
"outdoor infrared sauna 2 person","0","0","0","29","29","0","0.0000","0.0000","","","","Informational","Position and landing-page dimensions were not included in the available comparison export"
"best portable sauna","0","0","0","28","20","8","0.0000","0.0000","","","","Commercial investigation","Position and landing-page dimensions were not included in the available comparison export"
"i want to buy an indoor sauna, any recommendations?","0","0","0","27","27","0","0.0000","0.0000","","","","Commercial investigation","Position and landing-page dimensions were not included in the available comparison export"
"2 person saunas","0","0","0","27","5","22","0.0000","0.0000","","","","Informational","Position and landing-page dimensions were not included in the available comparison export"
"2 person outdoor traditional sauna","0","0","0","27","21","6","0.0000","0.0000","","","","Informational","Position and landing-page dimensions were not included in the available comparison export"
"outdoor sauna 2 person","0","0","0","26","21","5","0.0000","0.0000","","","","Informational","Position and landing-page dimensions were not included in the available comparison export"
"best sauna kits","0","0","0","26","36","-10","0.0000","0.0000","","","","Commercial investigation","Position and landing-page dimensions were not included in the available comparison export"
"home sauna","0","0","0","25","2","23","0.0000","0.0000","","","","Informational","Position and landing-page dimensions were not included in the available comparison export"
"home sauna best","0","0","0","23","3","20","0.0000","0.0000","","","","Commercial investigation","Position and landing-page dimensions were not included in the available comparison export"
"best sauna for home","0","0","0","22","9","13","0.0000","0.0000","","","","Commercial investigation","Position and landing-page dimensions were not included in the available comparison export"
"2 person sauna outdoor","0","0","0","20","7","13","0.0000","0.0000","","","","Informational","Position and landing-page dimensions were not included in the available comparison export"
"best 2 person sauna","0","0","0","18","17","1","0.0000","0.0000","","","","Commercial investigation","Position and landing-page dimensions were not included in the available comparison export"
"best home saunas","0","0","0","18","23","-5","0.0000","0.0000","","","","Commercial investigation","Position and landing-page dimensions were not included in the available comparison export"
"home sauna indoor","0","0","0","17","64","-47","0.0000","0.0000","","","","Informational","Position and landing-page dimensions were not included in the available comparison export"
"best home sauna brands","0","0","0","16","3","13","0.0000","0.0000","","","","Commercial investigation","Position and landing-page dimensions were not included in the available comparison export"
"sauna backrest","0","0","0","15","23","-8","0.0000","0.0000","","","","Informational","Position and landing-page dimensions were not included in the available comparison export"
"sauna backrests","0","0","0","15","21","-6","0.0000","0.0000","","","","Informational","Position and landing-page dimensions were not included in the available comparison export"
"outdoor 2 person sauna","0","0","0","15","2","13","0.0000","0.0000","","","","Informational","Position and landing-page dimensions were not included in the available comparison export"
"outdoor two person sauna","0","0","0","14","13","1","0.0000","0.0000","","","","Informational","Position and landing-page dimensions were not included in the available comparison export"
"best portable sauna 2025","0","0","0","12","8","4","0.0000","0.0000","","","","Commercial investigation","Position and landing-page dimensions were not included in the available comparison export"
"sauna outdoor 2 person","0","0","0","12","4","8","0.0000","0.0000","","","","Informational","Position and landing-page dimensions were not included in the available comparison export"
"hemlock sauna wood","0","0","0","12","0","12","0.0000","","","","","Informational","Position and landing-page dimensions were not included in the available comparison export"
"best sauna backrest","0","0","0","11","12","-1","0.0000","0.0000","","","","Commercial investigation","Position and landing-page dimensions were not included in the available comparison export"
"two person saunas","0","0","0","11","0","11","0.0000","","","","","Informational","Position and landing-page dimensions were not included in the available comparison export"
"best portable steam sauna","0","0","0","10","7","3","0.0000","0.0000","","","","Commercial investigation","Position and landing-page dimensions were not included in the available comparison export"
"home saunas","0","0","0","10","4","6","0.0000","0.0000","","","","Informational","Position and landing-page dimensions were not included in the available comparison export"
"best sauna kit","0","0","0","9","26","-17","0.0000","0.0000","","","","Commercial investigation","Position and landing-page dimensions were not included in the available comparison export"
"indoor sauna for sauna","0","0","0","9","0","9","0.0000","","","","","Informational","Position and landing-page dimensions were not included in the available comparison export"
"residential saunas","0","0","0","8","8","0","0.0000","0.0000","","","","Informational","Position and landing-page dimensions were not included in the available comparison export"
"2 person outdoor barrel sauna","0","0","0","8","11","-3","0.0000","0.0000","","","","Informational","Position and landing-page dimensions were not included in the available comparison export"
"indoor sauna kits","0","0","0","7","105","-98","0.0000","0.0000","","","","Informational","Position and landing-page dimensions were not included in the available comparison export"
"in home sauna kit","0","0","0","7","6","1","0.0000","0.0000","","","","Informational","Position and landing-page dimensions were not included in the available comparison export"
"best portable home saunas","0","0","0","7","4","3","0.0000","0.0000","","","","Commercial investigation","Position and landing-page dimensions were not included in the available comparison export"
"buy indoor sauna","0","0","0","7","23","-16","0.0000","0.0000","","","","Commercial investigation","Position and landing-page dimensions were not included in the available comparison export"
"best sauna","0","0","0","7","1","6","0.0000","0.0000","","","","Commercial investigation","Position and landing-page dimensions were not included in the available comparison export"
"2 person modern sauna","0","0","0","7","3","4","0.0000","0.0000","","","","Informational","Position and landing-page dimensions were not included in the available comparison export"
"best personal sauna","0","0","0","7","2","5","0.0000","0.0000","","","","Commercial investigation","Position and landing-page dimensions were not included in the available comparison export"
"best at home sauna","0","0","0","7","6","1","0.0000","0.0000","","","","Commercial investigation","Position and landing-page dimensions were not included in the available comparison export"
"best in home sauna","0","0","0","7","3","4","0.0000","0.0000","","","","Commercial investigation","Position and landing-page dimensions were not included in the available comparison export"
"sauna kits indoor","0","0","0","6","26","-20","0.0000","0.0000","","","","Informational","Position and landing-page dimensions were not included in the available comparison export"
"sauna 2 person outdoor","0","0","0","6","6","0","0.0000","0.0000","","","","Informational","Position and landing-page dimensions were not included in the available comparison export"
"indoor sauna kit","0","0","0","6","13","-7","0.0000","0.0000","","","","Informational","Position and landing-page dimensions were not included in the available comparison export"
"two person sauna outdoor","0","0","0","6","6","0","0.0000","0.0000","","","","Informational","Position and landing-page dimensions were not included in the available comparison export"
"best indoor sauna","0","0","0","6","2","4","0.0000","0.0000","","","","Commercial investigation","Position and landing-page dimensions were not included in the available comparison export"
"backyard saunas","0","0","0","6","9","-3","0.0000","0.0000","","","","Informational","Position and landing-page dimensions were not included in the available comparison export"
"top rated home saunas","0","0","0","6","11","-5","0.0000","0.0000","","","","Informational","Position and landing-page dimensions were not included in the available comparison export"
"keys backyard sauna","0","0","0","5","2","3","0.0000","0.0000","","","","Informational","Position and landing-page dimensions were not included in the available comparison export"
"sauna indoor kit","0","0","0","5","3","2","0.0000","0.0000","","","","Informational","Position and landing-page dimensions were not included in the available comparison export"
"best pop up saunas","0","0","0","5","2","3","0.0000","0.0000","","","","Commercial investigation","Position and landing-page dimensions were not included in the available comparison export"
"best tent saunas","0","0","0","5","5","0","0.0000","0.0000","","","","Commercial investigation","Position and landing-page dimensions were not included in the available comparison export"
"in home sauna","0","0","0","5","10","-5","0.0000","0.0000","","","","Informational","Position and landing-page dimensions were not included in the available comparison export"
"best portable sauna 2024","0","0","0","5","2","3","0.0000","0.0000","","","","Commercial investigation","Position and landing-page dimensions were not included in the available comparison export"
"i'm looking to buy a quality indoor sauna for my home","0","0","0","5","17","-12","0.0000","0.0000","","","","Commercial investigation","Position and landing-page dimensions were not included in the available comparison export"
"portable saunas","0","0","0","5","63","-58","0.0000","0.0000","","","","Informational","Position and landing-page dimensions were not included in the available comparison export"
"sauna for your home","0","0","0","5","3","2","0.0000","0.0000","","","","Informational","Position and landing-page dimensions were not included in the available comparison export"
"2 person barrel sauna","0","0","0","5","20","-15","0.0000","0.0000","","","","Informational","Position and landing-page dimensions were not included in the available comparison export"
"best home sauna 2020","0","0","0","5","5","0","0.0000","0.0000","","","","Commercial investigation","Position and landing-page dimensions were not included in the available comparison export"
"2 person outdorr traditional sauna","0","0","0","5","4","1","0.0000","0.0000","","","","Informational","Position and landing-page dimensions were not included in the available comparison export"
"best home sauna 2021","0","0","0","5","3","2","0.0000","0.0000","","","","Commercial investigation","Position and landing-page dimensions were not included in the available comparison export"
"best portable home sauna","0","0","0","5","5","0","0.0000","0.0000","","","","Commercial investigation","Position and landing-page dimensions were not included in the available comparison export"
"quality at home sauna","0","0","0","5","0","5","0.0000","","","","","Informational","Position and landing-page dimensions were not included in the available comparison export"
"sauna hygrometer","0","0","0","4","0","4","0.0000","","","","","Informational","Position and landing-page dimensions were not included in the available comparison export"
"portable sauna","0","0","0","4","6","-2","0.0000","0.0000","","","","Informational","Position and landing-page dimensions were not included in the available comparison export"
"best tent sauna","0","0","0","4","2","2","0.0000","0.0000","","","","Commercial investigation","Position and landing-page dimensions were not included in the available comparison export"
"portable sauna reviews","0","0","0","4","2","2","0.0000","0.0000","","","","Commercial investigation","Position and landing-page dimensions were not included in the available comparison export"
"huum","0","0","0","4","4","0","0.0000","0.0000","","","","Informational","Position and landing-page dimensions were not included in the available comparison export"
"best home portable sauna","0","0","0","4","4","0","0.0000","0.0000","","","","Commercial investigation","Position and landing-page dimensions were not included in the available comparison export"
"custom barrel sauna guide","0","0","0","4","0","4","0.0000","","","","","Informational","Position and landing-page dimensions were not included in the available comparison export"
"outdoor steam sauna 2 person","0","0","0","4","1","3","0.0000","0.0000","","","","Informational","Position and landing-page dimensions were not included in the available comparison export"
"sauna for home","0","0","0","4","0","4","0.0000","","","","","Informational","Position and landing-page dimensions were not included in the available comparison export"
"best home sauna kits","0","0","0","4","2","2","0.0000","0.0000","","","","Commercial investigation","Position and landing-page dimensions were not included in the available comparison export"
"indoor or outdoor sauna","0","0","0","4","0","4","0.0000","","","","","Informational","Position and landing-page dimensions were not included in the available comparison export"
"redwood outdoors thermowood barrel sauna review","0","0","0","3","3","0","0.0000","0.0000","","","","Commercial investigation","Position and landing-page dimensions were not included in the available comparison export"
"best portable steam sauna 2025","0","0","0","3","0","3","0.0000","","","","","Commercial investigation","Position and landing-page dimensions were not included in the available comparison export"
"2 person outdoor saunas","0","0","0","3","2","1","0.0000","0.0000","","","","Informational","Position and landing-page dimensions were not included in the available comparison export"
"sauna thermometer","0","0","0","3","0","3","0.0000","","","","","Informational","Position and landing-page dimensions were not included in the available comparison export"
"best outdoor sauna for 2 people","0","0","0","3","0","3","0.0000","","","","","Commercial investigation","Position and landing-page dimensions were not included in the available comparison export"
"best 2 person outdoor sauna","0","0","0","3","0","3","0.0000","","","","","Commercial investigation","Position and landing-page dimensions were not included in the available comparison export"
"hottest portable sauna","0","0","0","3","1","2","0.0000","0.0000","","","","Informational","Position and landing-page dimensions were not included in the available comparison export"
"best sauna for basement","0","0","0","3","4","-1","0.0000","0.0000","","","","Commercial investigation","Position and landing-page dimensions were not included in the available comparison export"
"2 person sauna outdoors","0","0","0","3","1","2","0.0000","0.0000","","","","Informational","Position and landing-page dimensions were not included in the available comparison export"
"outdoor sauna kits 2 person","0","0","0","3","0","3","0.0000","","","","","Informational","Position and landing-page dimensions were not included in the available comparison export"
"saunas for home","0","0","0","3","0","3","0.0000","","","","","Informational","Position and landing-page dimensions were not included in the available comparison export"
"best home steam sauna","0","0","0","3","4","-1","0.0000","0.0000","","","","Commercial investigation","Position and landing-page dimensions were not included in the available comparison export"
"best infrared portable sauna","0","0","0","3","0","3","0.0000","","","","","Commercial investigation","Position and landing-page dimensions were not included in the available comparison export"
"hva er de billigste alternativene for å kjøpe en sauna?","0","0","0","3","3","0","0.0000","0.0000","","","","Informational","Position and landing-page dimensions were not included in the available comparison export"
"best at home saunas","0","0","0","3","2","1","0.0000","0.0000","","","","Commercial investigation","Position and landing-page dimensions were not included in the available comparison export"
"best sauna home","0","0","0","3","4","-1","0.0000","0.0000","","","","Commercial investigation","Position and landing-page dimensions were not included in the available comparison export"
"best dry saunas for home","0","0","0","3","2","1","0.0000","0.0000","","","","Commercial investigation","Position and landing-page dimensions were not included in the available comparison export"
"keys backyard sauna review","0","0","0","2","4","-2","0.0000","0.0000","","","","Commercial investigation","Position and landing-page dimensions were not included in the available comparison export"
"best sauna thermometer","0","0","0","2","0","2","0.0000","","","","","Commercial investigation","Position and landing-page dimensions were not included in the available comparison export"
"sauna kit indoor","0","0","0","2","12","-10","0.0000","0.0000","","","","Informational","Position and landing-page dimensions were not included in the available comparison export"
"best indoor sauna kits","0","0","0","2","0","2","0.0000","","","","","Commercial investigation","Position and landing-page dimensions were not included in the available comparison export"
"harvia sauna heater review","0","0","0","2","0","2","0.0000","","","","","Commercial investigation","Position and landing-page dimensions were not included in the available comparison export"
"best 2 person sauna outdoor","0","0","0","2","0","2","0.0000","","","","","Commercial investigation","Position and landing-page dimensions were not included in the available comparison export"
"dynamic infrared sauna review","0","0","0","2","0","2","0.0000","","","","","Commercial investigation","Position and landing-page dimensions were not included in the available comparison export"
"2 person garden sauna","0","0","0","2","0","2","0.0000","","","","","Informational","Position and landing-page dimensions were not included in the available comparison export"
"2 person sauna best deal","0","0","0","2","1","1","0.0000","0.0000","","","","Commercial investigation","Position and landing-page dimensions were not included in the available comparison export"
"best outdoor sauna 2 person","0","0","0","2","0","2","0.0000","","","","","Commercial investigation","Position and landing-page dimensions were not included in the available comparison export"
"best sauna tent","0","0","0","2","7","-5","0.0000","0.0000","","","","Commercial investigation","Position and landing-page dimensions were not included in the available comparison export"
"2 person outdoor sauna for sale","0","0","0","2","4","-2","0.0000","0.0000","","","","Commercial investigation","Position and landing-page dimensions were not included in the available comparison export"
"almost heaven saunas salem 2 person barrel sauna reviews","0","0","0","2","4","-2","0.0000","0.0000","","","","Commercial investigation","Position and landing-page dimensions were not included in the available comparison export"
"backyard outdoor sauna","0","0","0","2","3","-1","0.0000","0.0000","","","","Informational","Position and landing-page dimensions were not included in the available comparison export"
"best budget sauna","0","0","0","2","2","0","0.0000","0.0000","","","","Commercial investigation","Position and landing-page dimensions were not included in the available comparison export"
"barrel sauna guide 2026","0","0","0","2","1","1","0.0000","0.0000","","","","Informational","Position and landing-page dimensions were not included in the available comparison export"
"sauna backrest adjustable","0","0","0","2","4","-2","0.0000","0.0000","","","","Informational","Position and landing-page dimensions were not included in the available comparison export"
"hottest home sauna","0","0","0","2","3","-1","0.0000","0.0000","","","","Informational","Position and landing-page dimensions were not included in the available comparison export"
"sauna indoor","0","0","0","2","6","-4","0.0000","0.0000","","","","Informational","Position and landing-page dimensions were not included in the available comparison export"
"best portable sauna infrared","0","0","0","2","2","0","0.0000","0.0000","","","","Commercial investigation","Position and landing-page dimensions were not included in the available comparison export"
"portable saunas for home","0","0","0","2","3","-1","0.0000","0.0000","","","","Informational","Position and landing-page dimensions were not included in the available comparison export"
"best two person sauna","0","0","0","2","3","-1","0.0000","0.0000","","","","Commercial investigation","Position and landing-page dimensions were not included in the available comparison export"
"affordable home saunas","0","0","0","2","0","2","0.0000","","","","","Informational","Position and landing-page dimensions were not included in the available comparison export"
"best affordable home sauna","0","0","0","2","0","2","0.0000","","","","","Commercial investigation","Position and landing-page dimensions were not included in the available comparison export"
"best home dry sauna","0","0","0","2","0","2","0.0000","","","","","Commercial investigation","Position and landing-page dimensions were not included in the available comparison export"
"best home sauna 2025","0","0","0","2","0","2","0.0000","","","","","Commercial investigation","Position and landing-page dimensions were not included in the available comparison export"
"best one person sauna","0","0","0","2","0","2","0.0000","","","","","Commercial investigation","Position and landing-page dimensions were not included in the available comparison export"
"indoor sauna room","0","0","0","2","0","2","0.0000","","","","","Informational","Position and landing-page dimensions were not included in the available comparison export"
"top portable sauna","0","0","0","2","0","2","0.0000","","","","","Informational","Position and landing-page dimensions were not included in the available comparison export"
"best portable dry sauna","0","0","0","2","0","2","0.0000","","","","","Commercial investigation","Position and landing-page dimensions were not included in the available comparison export"
"portable sauna for home","0","0","0","2","10","-8","0.0000","0.0000","","","","Informational","Position and landing-page dimensions were not included in the available comparison export"
"outdoor 2 person infrared sauna","0","0","0","2","0","2","0.0000","","","","","Informational","Position and landing-page dimensions were not included in the available comparison export"
"best home saunas 2025","0","0","0","2","1","1","0.0000","0.0000","","","","Commercial investigation","Position and landing-page dimensions were not included in the available comparison export"
"2 person outdoor steam sauna for sale","0","0","0","2","0","2","0.0000","","","","","Commercial investigation","Position and landing-page dimensions were not included in the available comparison export"
"cedar vs hemlock","0","0","0","2","0","2","0.0000","","","","","Commercial investigation","Position and landing-page dimensions were not included in the available comparison export"
"best infrared saunas 2025","0","0","0","2","0","2","0.0000","","","","","Commercial investigation","Position and landing-page dimensions were not included in the available comparison export"
"best in home saunas","0","0","0","2","1","1","0.0000","0.0000","","","","Commercial investigation","Position and landing-page dimensions were not included in the available comparison export"
"best rated sauna","0","0","0","2","0","2","0.0000","","","","","Commercial investigation","Position and landing-page dimensions were not included in the available comparison export"
"best sauna for home use","0","0","0","2","0","2","0.0000","","","","","Commercial investigation","Position and landing-page dimensions were not included in the available comparison export"
"hemlock wood saunas","0","0","0","2","0","2","0.0000","","","","","Informational","Position and landing-page dimensions were not included in the available comparison export"
"best budget sauna for home","0","0","0","2","0","2","0.0000","","","","","Commercial investigation","Position and landing-page dimensions were not included in the available comparison export"
"infrared sauna at home kit","0","0","0","2","0","2","0.0000","","","","","Informational","Position and landing-page dimensions were not included in the available comparison export"
"best home saunas 2020","0","0","0","2","1","1","0.0000","0.0000","","","","Commercial investigation","Position and landing-page dimensions were not included in the available comparison export"
"two person outdoor infrared sauna","0","0","0","2","0","2","0.0000","","","","","Informational","Position and landing-page dimensions were not included in the available comparison export"
"infrared sauna for home indoor","0","0","0","2","0","2","0.0000","","","","","Informational","Position and landing-page dimensions were not included in the available comparison export"
"sauna for homeowners","0","0","0","2","0","2","0.0000","","","","","Informational","Position and landing-page dimensions were not included in the available comparison export"
"best portable sauna for home","0","0","0","1","0","1","0.0000","","","","","Commercial investigation","Position and landing-page dimensions were not included in the available comparison export"
"what is the best portable sauna","0","0","0","1","0","1","0.0000","","","","","Commercial investigation","Position and landing-page dimensions were not included in the available comparison export"
"2 person outdoor","0","0","0","1","0","1","0.0000","","","","","Informational","Position and landing-page dimensions were not included in the available comparison export"
"cedarbrook sauna reviews","0","0","0","1","1","0","0.0000","0.0000","","","","Commercial investigation","Position and landing-page dimensions were not included in the available comparison export"
"best sauna 2025","0","0","0","1","0","1","0.0000","","","","","Commercial investigation","Position and landing-page dimensions were not included in the available comparison export"
"indoor steam sauna kit","0","0","0","1","0","1","0.0000","","","","","Informational","Position and landing-page dimensions were not included in the available comparison export"
"sauna back rests","0","0","0","1","0","1","0.0000","","","","","Informational","Position and landing-page dimensions were not included in the available comparison export"
"two-person sauna","0","0","0","1","0","1","0.0000","","","","","Informational","Position and landing-page dimensions were not included in the available comparison export"
"2 man outdoor sauna","0","0","0","1","0","1","0.0000","","","","","Informational","Position and landing-page dimensions were not included in the available comparison export"
"indoor sauna kit for home","0","0","0","1","3","-2","0.0000","0.0000","","","","Informational","Position and landing-page dimensions were not included in the available comparison export"
"two person sauna","0","0","0","1","0","1","0.0000","","","","","Informational","Position and landing-page dimensions were not included in the available comparison export"
"home indoor sauna","0","0","0","1","7","-6","0.0000","0.0000","","","","Informational","Position and landing-page dimensions were not included in the available comparison export"
"sauna backrest design","0","0","0","1","3","-2","0.0000","0.0000","","","","Informational","Position and landing-page dimensions were not included in the available comparison export"
"2 person infrared outdoor sauna","0","0","0","1","0","1","0.0000","","","","","Informational","Position and landing-page dimensions were not included in the available comparison export"
"backcountry recreation reviews","0","0","0","1","0","1","0.0000","","","","","Commercial investigation","Position and landing-page dimensions were not included in the available comparison export"
"backyard discovery sauna app","0","0","0","1","0","1","0.0000","","","","","Informational","Position and landing-page dimensions were not included in the available comparison export"
"in house sauna","0","0","0","1","10","-9","0.0000","0.0000","","","","Informational","Position and landing-page dimensions were not included in the available comparison export"
"pro 6 sauna reviews","0","0","0","1","0","1","0.0000","","","","","Commercial investigation","Position and landing-page dimensions were not included in the available comparison export"
"indoor steam saunas","0","0","0","1","0","1","0.0000","","","","","Informational","Position and landing-page dimensions were not included in the available comparison export"
"2 person outdoor steam sauna","0","0","0","1","1","0","0.0000","0.0000","","","","Informational","Position and landing-page dimensions were not included in the available comparison export"
"indoor sauna kits for sale","0","0","0","1","5","-4","0.0000","0.0000","","","","Commercial investigation","Position and landing-page dimensions were not included in the available comparison export"
"most accurate sauna thermometer","0","0","0","1","0","1","0.0000","","","","","Informational","Position and landing-page dimensions were not included in the available comparison export"
"best portable steam room","0","0","0","1","1","0","0.0000","0.0000","","","","Commercial investigation","Position and landing-page dimensions were not included in the available comparison export"
"best sauna thermometer reviews","0","0","0","1","0","1","0.0000","","","","","Commercial investigation","Position and landing-page dimensions were not included in the available comparison export"
"huum sauna heater reviews","0","0","0","1","0","1","0.0000","","","","","Commercial investigation","Position and landing-page dimensions were not included in the available comparison export"
"buy a home sauna","0","0","0","1","1","0","0.0000","0.0000","","","","Commercial investigation","Position and landing-page dimensions were not included in the available comparison export"
"sauna for backyard","0","0","0","1","1","0","0.0000","0.0000","","","","Informational","Position and landing-page dimensions were not included in the available comparison export"
"best 2 person outdoor infrared sauna","0","0","0","1","0","1","0.0000","","","","","Commercial investigation","Position and landing-page dimensions were not included in the available comparison export"
"steam sauna kits indoor","0","0","0","1","0","1","0.0000","","","","","Informational","Position and landing-page dimensions were not included in the available comparison export"
"2 person sauna","0","0","0","1","0","1","0.0000","","","","","Informational","Position and landing-page dimensions were not included in the available comparison export"
"best 2 person outdoor sauna uk","0","0","0","1","0","1","0.0000","","","","","Commercial investigation","Position and landing-page dimensions were not included in the available comparison export"
"portable saunas reviews","0","0","0","1","0","1","0.0000","","","","","Commercial investigation","Position and landing-page dimensions were not included in the available comparison export"
"sauna for your house","0","0","0","1","0","1","0.0000","","","","","Informational","Position and landing-page dimensions were not included in the available comparison export"
"sauna reviews","0","0","0","1","0","1","0.0000","","","","","Commercial investigation","Position and landing-page dimensions were not included in the available comparison export"
"best backyard sauna","0","0","0","1","1","0","0.0000","0.0000","","","","Commercial investigation","Position and landing-page dimensions were not included in the available comparison export"
"huum vs harvia sauna heater","0","0","0","1","0","1","0.0000","","","","","Commercial investigation","Position and landing-page dimensions were not included in the available comparison export"
"home.sauna","0","0","0","1","0","1","0.0000","","","","","Informational","Position and landing-page dimensions were not included in the available comparison export"
"buy a sauna for your home","0","0","0","1","0","1","0.0000","","","","","Commercial investigation","Position and landing-page dimensions were not included in the available comparison export"
"sauna backrest height","0","0","0","1","1","0","0.0000","0.0000","","","","Informational","Position and landing-page dimensions were not included in the available comparison export"
"best 2 person saunas","0","0","0","1","2","-1","0.0000","0.0000","","","","Commercial investigation","Position and landing-page dimensions were not included in the available comparison export"
"best saunas for home","0","0","0","1","2","-1","0.0000","0.0000","","","","Commercial investigation","Position and landing-page dimensions were not included in the available comparison export"
"outdoor traditional sauna 2 person","0","0","0","1","0","1","0.0000","","","","","Informational","Position and landing-page dimensions were not included in the available comparison export"
"dynamic infrared sauna reviews","0","0","0","1","0","1","0.0000","","","","","Commercial investigation","Position and landing-page dimensions were not included in the available comparison export"
"suana for home","0","0","0","1","0","1","0.0000","","","","","Informational","Position and landing-page dimensions were not included in the available comparison export"
"best sauna under 3000","0","0","0","1","0","1","0.0000","","","","","Commercial investigation","Position and landing-page dimensions were not included in the available comparison export"
"indoor electric sauna","0","0","0","1","1","0","0.0000","0.0000","","","","Informational","Position and landing-page dimensions were not included in the available comparison export"
"suana home","0","0","0","1","0","1","0.0000","","","","","Informational","Position and landing-page dimensions were not included in the available comparison export"
"top rated portable infrared saunas","0","0","0","1","0","1","0.0000","","","","","Informational","Position and landing-page dimensions were not included in the available comparison export"
"2 person sauna reviews","0","0","0","1","0","1","0.0000","","","","","Commercial investigation","Position and landing-page dimensions were not included in the available comparison export"
"barrel sauna 2 person","0","0","0","1","3","-2","0.0000","0.0000","","","","Informational","Position and landing-page dimensions were not included in the available comparison export"
"best indoor steam sauna","0","0","0","1","1","0","0.0000","0.0000","","","","Commercial investigation","Position and landing-page dimensions were not included in the available comparison export"
"best outdoor infrared sauna 2 person","0","0","0","1","0","1","0.0000","","","","","Commercial investigation","Position and landing-page dimensions were not included in the available comparison export"
"best portable sauna tent","0","0","0","1","1","0","0.0000","0.0000","","","","Commercial investigation","Position and landing-page dimensions were not included in the available comparison export"
"sauna for 2 people","0","0","0","1","2","-1","0.0000","0.0000","","","","Informational","Position and landing-page dimensions were not included in the available comparison export"
"best home sauna kit","0","0","0","1","0","1","0.0000","","","","","Commercial investigation","Position and landing-page dimensions were not included in the available comparison export"
"best outdoor sauna 2025","0","0","0","1","0","1","0.0000","","","","","Commercial investigation","Position and landing-page dimensions were not included in the available comparison export"
"best pop up sauna","0","0","0","1","0","1","0.0000","","","","","Commercial investigation","Position and landing-page dimensions were not included in the available comparison export"
"best rated portable sauna","0","0","0","1","0","1","0.0000","","","","","Commercial investigation","Position and landing-page dimensions were not included in the available comparison export"
"hemlock vs cedar sauna","0","0","0","1","0","1","0.0000","","","","","Commercial investigation","Position and landing-page dimensions were not included in the available comparison export"
"indoor sauna","0","0","0","1","89","-88","0.0000","0.0000","","","","Informational","Position and landing-page dimensions were not included in the available comparison export"
"sauna for 2 person","0","0","0","1","1","0","0.0000","0.0000","","","","Informational","Position and landing-page dimensions were not included in the available comparison export"
"top rated indoor saunas","0","0","0","1","0","1","0.0000","","","","","Informational","Position and landing-page dimensions were not included in the available comparison export"
"best 1 person sauna","0","0","0","1","0","1","0.0000","","","","","Commercial investigation","Position and landing-page dimensions were not included in the available comparison export"
"best portable sauna reviews","0","0","0","1","0","1","0.0000","","","","","Commercial investigation","Position and landing-page dimensions were not included in the available comparison export"
"best single person sauna","0","0","0","1","1","0","0.0000","0.0000","","","","Commercial investigation","Position and landing-page dimensions were not included in the available comparison export"
"outdoor sauna review","0","0","0","1","1","0","0.0000","0.0000","","","","Commercial investigation","Position and landing-page dimensions were not included in the available comparison export"
"top rated portable sauna","0","0","0","1","0","1","0.0000","","","","","Informational","Position and landing-page dimensions were not included in the available comparison export"
"best affordable saunas","0","0","0","1","2","-1","0.0000","0.0000","","","","Commercial investigation","Position and landing-page dimensions were not included in the available comparison export"
"best home sauna 2018","0","0","0","1","0","1","0.0000","","","","","Commercial investigation","Position and landing-page dimensions were not included in the available comparison export"
"best outdoor saunas 2025","0","0","0","1","1","0","0.0000","0.0000","","","","Commercial investigation","Position and landing-page dimensions were not included in the available comparison export"
"indoor steam sauna","0","0","0","1","7","-6","0.0000","0.0000","","","","Informational","Position and landing-page dimensions were not included in the available comparison export"
"outdoor sauna reviews","0","0","0","1","0","1","0.0000","","","","","Commercial investigation","Position and landing-page dimensions were not included in the available comparison export"
"cedar vs hemlock sauna","0","0","0","1","0","1","0.0000","","","","","Commercial investigation","Position and landing-page dimensions were not included in the available comparison export"
"infrared sauna outdoor 2 person","0","0","0","1","0","1","0.0000","","","","","Informational","Position and landing-page dimensions were not included in the available comparison export"
"saunas for your home","0","0","0","1","0","1","0.0000","","","","","Informational","Position and landing-page dimensions were not included in the available comparison export"
"best indoor infrared sauna","0","0","0","1","0","1","0.0000","","","","","Commercial investigation","Position and landing-page dimensions were not included in the available comparison export"
"best saunas 2025","0","0","0","1","1","0","0.0000","0.0000","","","","Commercial investigation","Position and landing-page dimensions were not included in the available comparison export"
"best saunas to buy","0","0","0","1","0","1","0.0000","","","","","Commercial investigation","Position and landing-page dimensions were not included in the available comparison export"
"hemlock sauna vs cedar sauna","0","0","0","1","0","1","0.0000","","","","","Commercial investigation","Position and landing-page dimensions were not included in the available comparison export"
"name brand portable sauna","0","0","0","1","1","0","0.0000","0.0000","","","","Informational","Position and landing-page dimensions were not included in the available comparison export"
"portable home saunas","0","0","0","1","1","0","0.0000","0.0000","","","","Informational","Position and landing-page dimensions were not included in the available comparison export"
"sauna review","0","0","0","1","0","1","0.0000","","","","","Commercial investigation","Position and landing-page dimensions were not included in the available comparison export"
"home suanas","0","0","0","1","0","1","0.0000","","","","","Informational","Position and landing-page dimensions were not included in the available comparison export"
"best sauna at home","0","0","0","1","0","1","0.0000","","","","","Commercial investigation","Position and landing-page dimensions were not included in the available comparison export"
"best sauna for the money","0","0","0","1","0","1","0.0000","","","","","Commercial investigation","Position and landing-page dimensions were not included in the available comparison export"
"best indoor saunas","0","0","0","1","1","0","0.0000","0.0000","","","","Commercial investigation","Position and landing-page dimensions were not included in the available comparison export"
"best rated saunas","0","0","0","1","0","1","0.0000","","","","","Commercial investigation","Position and landing-page dimensions were not included in the available comparison export"
"indoor saunas for home","0","0","0","1","0","1","0.0000","","","","","Informational","Position and landing-page dimensions were not included in the available comparison export"
"hemlock wood vs cedar","0","0","0","1","0","1","0.0000","","","","","Commercial investigation","Position and landing-page dimensions were not included in the available comparison export"
"home sauna outdoor 2 person","0","0","0","1","0","1","0.0000","","","","","Informational","Position and landing-page dimensions were not included in the available comparison export"
"sauna hemlock","0","0","0","1","0","1","0.0000","","","","","Informational","Position and landing-page dimensions were not included in the available comparison export"
"sauna in gravidanza","0","0","0","1","0","1","0.0000","","","","","Informational","Position and landing-page dimensions were not included in the available comparison export"
"best home sauna indoor","0","0","0","1","2","-1","0.0000","0.0000","","","","Commercial investigation","Position and landing-page dimensions were not included in the available comparison export"
"outdoor sauna for two","0","0","0","1","0","1","0.0000","","","","","Informational","Position and landing-page dimensions were not included in the available comparison export"
"sauna best","0","0","0","1","0","1","0.0000","","","","","Commercial investigation","Position and landing-page dimensions were not included in the available comparison export"
"best saunas on amazon","0","0","0","1","1","0","0.0000","0.0000","","","","Commercial investigation","Position and landing-page dimensions were not included in the available comparison export"
"best home infrared sauna 2025","0","0","0","1","0","1","0.0000","","","","","Commercial investigation","Position and landing-page dimensions were not included in the available comparison export"
"best home sauna reviews","0","0","0","1","0","1","0.0000","","","","","Commercial investigation","Position and landing-page dimensions were not included in the available comparison export"
"best home sauna for the money","0","0","0","1","0","1","0.0000","","","","","Commercial investigation","Position and landing-page dimensions were not included in the available comparison export"
"best rated home saunas","0","0","0","1","0","1","0.0000","","","","","Commercial investigation","Position and landing-page dimensions were not included in the available comparison export"
"best sauna for home outdoor","0","0","0","1","0","1","0.0000","","","","","Commercial investigation","Position and landing-page dimensions were not included in the available comparison export"
"hemlock vs cedar","0","0","0","1","0","1","0.0000","","","","","Commercial investigation","Position and landing-page dimensions were not included in the available comparison export"
"indoor sauna vs outdoor sauna","0","0","0","1","0","1","0.0000","","","","","Commercial investigation","Position and landing-page dimensions were not included in the available comparison export"
"highest rated home sauna","0","0","0","1","0","1","0.0000","","","","","Informational","Position and landing-page dimensions were not included in the available comparison export"
"pregnant sauna","0","0","0","1","0","1","0.0000","","","","","Informational","Position and landing-page dimensions were not included in the available comparison export"
"top home saunas","0","0","0","1","0","1","0.0000","","","","","Informational","Position and landing-page dimensions were not included in the available comparison export"
"top rated saunas","0","0","0","1","2","-1","0.0000","0.0000","","","","Informational","Position and landing-page dimensions were not included in the available comparison export"
"2 person traditional sauna outdoor","0","0","0","1","0","1","0.0000","","","","","Informational","Position and landing-page dimensions were not included in the available comparison export"
"best indoor traditional sauna","0","0","0","1","14","-13","0.0000","0.0000","","","","Commercial investigation","Position and landing-page dimensions were not included in the available comparison export"
"best two person outdoor sauna","0","0","0","1","2","-1","0.0000","0.0000","","","","Commercial investigation","Position and landing-page dimensions were not included in the available comparison export"
"best in house sauna","0","0","0","1","0","1","0.0000","","","","","Commercial investigation","Position and landing-page dimensions were not included in the available comparison export"
"best outdoor sauna 2-person","0","0","0","1","0","1","0.0000","","","","","Commercial investigation","Position and landing-page dimensions were not included in the available comparison export"
"what is the best sauna to buy","0","0","0","1","0","1","0.0000","","","","","Commercial investigation","Position and landing-page dimensions were not included in the available comparison export"
"2 person outdoor infrared sauna","0","0","0","1","0","1","0.0000","","","","","Informational","Position and landing-page dimensions were not included in the available comparison export"
"best outdoor 2 person sauna","0","0","0","1","0","1","0.0000","","","","","Commercial investigation","Position and landing-page dimensions were not included in the available comparison export"
"best saunas for home outdoor","0","0","0","1","0","1","0.0000","","","","","Commercial investigation","Position and landing-page dimensions were not included in the available comparison export"
"steam room and pregnancy","0","0","0","1","0","1","0.0000","","","","","Informational","Position and landing-page dimensions were not included in the available comparison export"
"best 2 person sauna indoor","0","0","0","1","0","1","0.0000","","","","","Commercial investigation","Position and landing-page dimensions were not included in the available comparison export"
"best sauna to buy","0","0","0","1","0","1","0.0000","","","","","Commercial investigation","Position and landing-page dimensions were not included in the available comparison export"
"best small saunas","0","0","0","1","0","1","0.0000","","","","","Commercial investigation","Position and landing-page dimensions were not included in the available comparison export"
"top saunas for home","0","0","0","1","1","0","0.0000","0.0000","","","","Informational","Position and landing-page dimensions were not included in the available comparison export"
"2 person steam sauna outdoor","0","0","0","1","2","-1","0.0000","0.0000","","","","Informational","Position and landing-page dimensions were not included in the available comparison export"
"best indoor home sauna","0","0","0","1","0","1","0.0000","","","","","Commercial investigation","Position and landing-page dimensions were not included in the available comparison export"
"best sauna tent for home","0","0","0","1","0","1","0.0000","","","","","Commercial investigation","Position and landing-page dimensions were not included in the available comparison export"
"indoor vs outdoor sauna","0","0","0","1","0","1","0.0000","","","","","Commercial investigation","Position and landing-page dimensions were not included in the available comparison export"
"top home sauna","0","0","0","1","0","1","0.0000","","","","","Informational","Position and landing-page dimensions were not included in the available comparison export"
"top rated sauna for home","0","0","0","1","0","1","0.0000","","","","","Informational","Position and landing-page dimensions were not included in the available comparison export"
"buying a sauna for home","0","0","0","1","2","-1","0.0000","0.0000","","","","Commercial investigation","Position and landing-page dimensions were not included in the available comparison export"
"2 people capacity outdoor sauna","0","0","0","1","0","1","0.0000","","","","","Informational","Position and landing-page dimensions were not included in the available comparison export"
"putting a sauna in your home","0","0","0","1","0","1","0.0000","","","","","Informational","Position and landing-page dimensions were not included in the available comparison export"
"best portable infrared sauna for home","0","0","0","1","0","1","0.0000","","","","","Commercial investigation","Position and landing-page dimensions were not included in the available comparison export"
"indoor sauna for home","0","0","0","0","26","-26","","0.0000","","","","Informational","Position and landing-page dimensions were not included in the available comparison export"
"indoor saunas","0","0","0","0","20","-20","","0.0000","","","","Informational","Position and landing-page dimensions were not included in the available comparison export"
"home sauna rooms","0","0","0","0","19","-19","","0.0000","","","","Informational","Position and landing-page dimensions were not included in the available comparison export"
"home saunas indoor","0","0","0","0","12","-12","","0.0000","","","","Informational","Position and landing-page dimensions were not included in the available comparison export"
"indoor small sauna","0","0","0","0","9","-9","","0.0000","","","","Informational","Position and landing-page dimensions were not included in the available comparison export"
"sauna indoor home","0","0","0","0","9","-9","","0.0000","","","","Informational","Position and landing-page dimensions were not included in the available comparison export"
"indoor home sauna","0","0","0","0","9","-9","","0.0000","","","","Informational","Position and landing-page dimensions were not included in the available comparison export"
"sauna system for home","0","0","0","0","7","-7","","0.0000","","","","Informational","Position and landing-page dimensions were not included in the available comparison export"
"best sauna tents","0","0","0","0","7","-7","","0.0000","","","","Commercial investigation","Position and landing-page dimensions were not included in the available comparison export"
"sauna in backyard","0","0","0","0","6","-6","","0.0000","","","","Informational","Position and landing-page dimensions were not included in the available comparison export"
"sauna for home indoor","0","0","0","0","6","-6","","0.0000","","","","Informational","Position and landing-page dimensions were not included in the available comparison export"
"two person barrel sauna","0","0","0","0","5","-5","","0.0000","","","","Informational","Position and landing-page dimensions were not included in the available comparison export"
"indor sauna","0","0","0","0","5","-5","","0.0000","","","","Informational","Position and landing-page dimensions were not included in the available comparison export"
"interior sauna","0","0","0","0","4","-4","","0.0000","","","","Informational","Position and landing-page dimensions were not included in the available comparison export"
"in home saunas","0","0","0","0","4","-4","","0.0000","","","","Informational","Position and landing-page dimensions were not included in the available comparison export"
"outdoor sauna 2 person upright","0","0","0","0","4","-4","","0.0000","","","","Informational","Position and landing-page dimensions were not included in the available comparison export"
"indoor steam sauna for home","0","0","0","0","4","-4","","0.0000","","","","Informational","Position and landing-page dimensions were not included in the available comparison export"
"sauna home indoor","0","0","0","0","4","-4","","0.0000","","","","Informational","Position and landing-page dimensions were not included in the available comparison export"
"indoor sauna home","0","0","0","0","4","-4","","0.0000","","","","Informational","Position and landing-page dimensions were not included in the available comparison export"
"indoor saunas for the home","0","0","0","0","4","-4","","0.0000","","","","Informational","Position and landing-page dimensions were not included in the available comparison export"
"sauna backrest plans","0","0","0","0","3","-3","","0.0000","","","","Informational","Position and landing-page dimensions were not included in the available comparison export"
"stand alone sauna indoor","0","0","0","0","3","-3","","0.0000","","","","Informational","Position and landing-page dimensions were not included in the available comparison export"
"indoor wet sauna","0","0","0","0","3","-3","","0.0000","","","","Informational","Position and landing-page dimensions were not included in the available comparison export"
"small indoor sauna supplier","0","0","0","0","3","-3","","0.0000","","","","Informational","Position and landing-page dimensions were not included in the available comparison export"
"small indoor sauna","0","0","0","0","3","-3","","0.0000","","","","Informational","Position and landing-page dimensions were not included in the available comparison export"
"home sauna units","0","0","0","0","3","-3","","0.0000","","","","Informational","Position and landing-page dimensions were not included in the available comparison export"
"small sauna indoor","0","0","0","0","3","-3","","0.0000","","","","Informational","Position and landing-page dimensions were not included in the available comparison export"
"residential sauna","0","0","0","0","3","-3","","0.0000","","","","Informational","Position and landing-page dimensions were not included in the available comparison export"
"indoor sauana","0","0","0","0","3","-3","","0.0000","","","","Informational","Position and landing-page dimensions were not included in the available comparison export"
"gifts for sauna","0","0","0","0","2","-2","","0.0000","","","","Informational","Position and landing-page dimensions were not included in the available comparison export"
"pro sauna","0","0","0","0","2","-2","","0.0000","","","","Informational","Position and landing-page dimensions were not included in the available comparison export"
"in house sauna room","0","0","0","0","2","-2","","0.0000","","","","Informational","Position and landing-page dimensions were not included in the available comparison export"
"affordable home sauna","0","0","0","0","2","-2","","0.0000","","","","Informational","Position and landing-page dimensions were not included in the available comparison export"
"portable home sauna","0","0","0","0","2","-2","","0.0000","","","","Informational","Position and landing-page dimensions were not included in the available comparison export"
"small sauna indoor supplier","0","0","0","0","2","-2","","0.0000","","","","Informational","Position and landing-page dimensions were not included in the available comparison export"
"best portable home steam sauna","0","0","0","0","2","-2","","0.0000","","","","Commercial investigation","Position and landing-page dimensions were not included in the available comparison export"
"best residential saunas","0","0","0","0","2","-2","","0.0000","","","","Commercial investigation","Position and landing-page dimensions were not included in the available comparison export"
"sauna for home indoor manufacturer","0","0","0","0","2","-2","","0.0000","","","","Informational","Position and landing-page dimensions were not included in the available comparison export"
"i'm looking to buy a sauna for my cottage","0","0","0","0","2","-2","","0.0000","","","","Commercial investigation","Position and landing-page dimensions were not included in the available comparison export"
"top rated saunas for home","0","0","0","0","2","-2","","0.0000","","","","Informational","Position and landing-page dimensions were not included in the available comparison export"
"keys backyard infrared sauna","0","0","0","0","1","-1","","0.0000","","","","Informational","Position and landing-page dimensions were not included in the available comparison export"
"outdoor sauna for 2","0","0","0","0","1","-1","","0.0000","","","","Informational","Position and landing-page dimensions were not included in the available comparison export"
"sauna bench backrest","0","0","0","0","1","-1","","0.0000","","","","Informational","Position and landing-page dimensions were not included in the available comparison export"
"sauna backrest dimensions","0","0","0","0","1","-1","","0.0000","","","","Informational","Position and landing-page dimensions were not included in the available comparison export"
"sauna back rest","0","0","0","0","1","-1","","0.0000","","","","Informational","Position and landing-page dimensions were not included in the available comparison export"
"sauna back support","0","0","0","0","1","-1","","0.0000","","","","Informational","Position and landing-page dimensions were not included in the available comparison export"
"home sauna kit indoor","0","0","0","0","1","-1","","0.0000","","","","Informational","Position and landing-page dimensions were not included in the available comparison export"
"indoor dry sauna","0","0","0","0","1","-1","","0.0000","","","","Informational","Position and landing-page dimensions were not included in the available comparison export"
"indoor personal sauna","0","0","0","0","1","-1","","0.0000","","","","Informational","Position and landing-page dimensions were not included in the available comparison export"
"sauna for inside house","0","0","0","0","1","-1","","0.0000","","","","Informational","Position and landing-page dimensions were not included in the available comparison export"
"residential sauna kits","0","0","0","0","1","-1","","0.0000","","","","Informational","Position and landing-page dimensions were not included in the available comparison export"
"sauna rooms for home","0","0","0","0","1","-1","","0.0000","","","","Informational","Position and landing-page dimensions were not included in the available comparison export"
"infrared sauna home indoor","0","0","0","0","1","-1","","0.0000","","","","Informational","Position and landing-page dimensions were not included in the available comparison export"
"indoor mini sauna","0","0","0","0","1","-1","","0.0000","","","","Informational","Position and landing-page dimensions were not included in the available comparison export"
"indoor small sauna supplier","0","0","0","0","1","-1","","0.0000","","","","Informational","Position and landing-page dimensions were not included in the available comparison export"
"portable in home sauna","0","0","0","0","1","-1","","0.0000","","","","Informational","Position and landing-page dimensions were not included in the available comparison export"
"sauna gifts","0","0","0","0","1","-1","","0.0000","","","","Informational","Position and landing-page dimensions were not included in the available comparison export"
"sauna unit for home","0","0","0","0","1","-1","","0.0000","","","","Informational","Position and landing-page dimensions were not included in the available comparison export"
"personal indoor sauna","0","0","0","0","1","-1","","0.0000","","","","Informational","Position and landing-page dimensions were not included in the available comparison export"
"cheap home saunas","0","0","0","0","1","-1","","0.0000","","","","Informational","Position and landing-page dimensions were not included in the available comparison export"
"backyard infrared sauna","0","0","0","0","1","-1","","0.0000","","","","Informational","Position and landing-page dimensions were not included in the available comparison export"
"at home sauna portable","0","0","0","0","1","-1","","0.0000","","","","Informational","Position and landing-page dimensions were not included in the available comparison export"
"in-home sauna","0","0","0","0","1","-1","","0.0000","","","","Informational","Position and landing-page dimensions were not included in the available comparison export"
"best indoor dry sauna","0","0","0","0","1","-1","","0.0000","","","","Commercial investigation","Position and landing-page dimensions were not included in the available comparison export"
"portable sauna home","0","0","0","0","1","-1","","0.0000","","","","Informational","Position and landing-page dimensions were not included in the available comparison export"
"sauna to buy","0","0","0","0","1","-1","","0.0000","","","","Commercial investigation","Position and landing-page dimensions were not included in the available comparison export"
"best portable sauna steamer","0","0","0","0","1","-1","","0.0000","","","","Commercial investigation","Position and landing-page dimensions were not included in the available comparison export"
"inexpensive home sauna","0","0","0","0","1","-1","","0.0000","","","","Informational","Position and landing-page dimensions were not included in the available comparison export"
"electric indoor sauna","0","0","0","0","1","-1","","0.0000","","","","Informational","Position and landing-page dimensions were not included in the available comparison export"
"indoor sauna at home","0","0","0","0","1","-1","","0.0000","","","","Informational","Position and landing-page dimensions were not included in the available comparison export"
"sauna for the home","0","0","0","0","1","-1","","0.0000","","","","Informational","Position and landing-page dimensions were not included in the available comparison export"
"cheap home sauna","0","0","0","0","1","-1","","0.0000","","","","Informational","Position and landing-page dimensions were not included in the available comparison export"
"indoor steam sauna for home supplier","0","0","0","0","1","-1","","0.0000","","","","Informational","Position and landing-page dimensions were not included in the available comparison export"
"affordable sauna for home","0","0","0","0","1","-1","","0.0000","","","","Informational","Position and landing-page dimensions were not included in the available comparison export"
"indoor sauna electric","0","0","0","0","1","-1","","0.0000","","","","Informational","Position and landing-page dimensions were not included in the available comparison export"
"saunas for home use","0","0","0","0","1","-1","","0.0000","","","","Informational","Position and landing-page dimensions were not included in the available comparison export"
"best budget saunas","0","0","0","0","1","-1","","0.0000","","","","Commercial investigation","Position and landing-page dimensions were not included in the available comparison export"
"best value sauna","0","0","0","0","1","-1","","0.0000","","","","Commercial investigation","Position and landing-page dimensions were not included in the available comparison export"
"indoor home sauna supplier","0","0","0","0","1","-1","","0.0000","","","","Informational","Position and landing-page dimensions were not included in the available comparison export"
"sauna for apartment","0","0","0","0","1","-1","","0.0000","","","","Informational","Position and landing-page dimensions were not included in the available comparison export"
"sauna in my house","0","0","0","0","1","-1","","0.0000","","","","Informational","Position and landing-page dimensions were not included in the available comparison export"
"thermowood reviews","0","0","0","0","1","-1","","0.0000","","","","Commercial investigation","Position and landing-page dimensions were not included in the available comparison export"
"affordable saunas","0","0","0","0","1","-1","","0.0000","","","","Informational","Position and landing-page dimensions were not included in the available comparison export"
"portable sauna at home","0","0","0","0","1","-1","","0.0000","","","","Informational","Position and landing-page dimensions were not included in the available comparison export"
"affordable home sauna products","0","0","0","0","1","-1","","0.0000","","","","Informational","Position and landing-page dimensions were not included in the available comparison export"
"best 2 person sauna for home","0","0","0","0","1","-1","","0.0000","","","","Commercial investigation","Position and landing-page dimensions were not included in the available comparison export"
"home.sauna indoor","0","0","0","0","1","-1","","0.0000","","","","Informational","Position and landing-page dimensions were not included in the available comparison export"
"portable sauna for home use","0","0","0","0","1","-1","","0.0000","","","","Informational","Position and landing-page dimensions were not included in the available comparison export"
"saunas at home","0","0","0","0","1","-1","","0.0000","","","","Informational","Position and landing-page dimensions were not included in the available comparison export"
"saunas for the home","0","0","0","0","1","-1","","0.0000","","","","Informational","Position and landing-page dimensions were not included in the available comparison export"
"infrared sauna 2 person outdoor","0","0","0","0","1","-1","","0.0000","","","","Informational","Position and landing-page dimensions were not included in the available comparison export"
"modern home sauna","0","0","0","0","1","-1","","0.0000","","","","Informational","Position and landing-page dimensions were not included in the available comparison export"
"sauna for indoors","0","0","0","0","1","-1","","0.0000","","","","Informational","Position and landing-page dimensions were not included in the available comparison export"
"in door sauna","0","0","0","0","1","-1","","0.0000","","","","Informational","Position and landing-page dimensions were not included in the available comparison export"
"internal sauna","0","0","0","0","1","-1","","0.0000","","","","Informational","Position and landing-page dimensions were not included in the available comparison export"
"indoor.sauna","0","0","0","0","1","-1","","0.0000","","","","Informational","Position and landing-page dimensions were not included in the available comparison export"
"top rated portable saunas","0","0","0","0","1","-1","","0.0000","","","","Informational","Position and landing-page dimensions were not included in the available comparison export"
"best in home saunas 2025","0","0","0","0","1","-1","","0.0000","","","","Commercial investigation","Position and landing-page dimensions were not included in the available comparison export"
"indoor home saunas","0","0","0","0","1","-1","","0.0000","","","","Informational","Position and landing-page dimensions were not included in the available comparison export"
"saunas indoor","0","0","0","0","1","-1","","0.0000","","","","Informational","Position and landing-page dimensions were not included in the available comparison export"
"how much is a sauna at home","0","0","0","0","1","-1","","0.0000","","","","Informational","Position and landing-page dimensions were not included in the available comparison export"
"indoor sauna for home supplier","0","0","0","0","1","-1","","0.0000","","","","Informational","Position and landing-page dimensions were not included in the available comparison export"
"what is the best in home sauna","0","0","0","0","1","-1","","0.0000","","","","Commercial investigation","Position and landing-page dimensions were not included in the available comparison export"
"best portable infrared saunas","0","0","0","0","1","-1","","0.0000","","","","Commercial investigation","Position and landing-page dimensions were not included in the available comparison export"
"top rated at home sauna","0","0","0","0","1","-1","","0.0000","","","","Informational","Position and landing-page dimensions were not included in the available comparison export"
"top rated home sauna","0","0","0","0","1","-1","","0.0000","","","","Informational","Position and landing-page dimensions were not included in the available comparison export"
"best rated sauna for home","0","0","0","0","1","-1","","0.0000","","","","Commercial investigation","Position and landing-page dimensions were not included in the available comparison export"
"best sauna brands for home","0","0","0","0","1","-1","","0.0000","","","","Commercial investigation","Position and landing-page dimensions were not included in the available comparison export"
"best portable steam sauna for home","0","0","0","0","1","-1","","0.0000","","","","Commercial investigation","Position and landing-page dimensions were not included in the available comparison export"
"best affordable sauna for home","0","0","0","0","1","-1","","0.0000","","","","Commercial investigation","Position and landing-page dimensions were not included in the available comparison export"
"homesauna","0","0","0","0","1","-1","","0.0000","","","","Informational","Position and landing-page dimensions were not included in the available comparison export"
"the best home sauna","0","0","0","0","1","-1","","0.0000","","","","Commercial investigation","Position and landing-page dimensions were not included in the available comparison export"
"the best sauna for home","0","0","0","0","1","-1","","0.0000","","","","Commercial investigation","Position and landing-page dimensions were not included in the available comparison export"
"best 2 person traditional sauna","0","0","0","0","1","-1","","0.0000","","","","Commercial investigation","Position and landing-page dimensions were not included in the available comparison export"
"the best home saunas","0","0","0","0","1","-1","","0.0000","","","","Commercial investigation","Position and landing-page dimensions were not included in the available comparison export"
"sit in sauna for home","0","0","0","0","1","-1","","0.0000","","","","Informational","Position and landing-page dimensions were not included in the available comparison export"
